marker_EOI_content_after_num,marker_DQT_num,marker_DHT_num,file_markers_num,marker_DQT_size_max,marker_DHT_size_max,file_size,marker_COM_size_max,marker_APP1_size_max,marker_APP12_size_max
0,1,4,13,132,86,1342838,0,7261,0
0,2,4,11,67,75,113525,0,0,0
0,2,4,13,67,79,199606,12,0,0
0,2,4,12,67,96,154005,0,0,0
0,2,4,11,67,87,103316,0,0,0
0,2,4,11,67,79,150334,0,0,0
0,2,4,11,67,78,117183,0,0,0
0,2,4,11,67,77,44514,0,0,0
0,2,4,11,67,78,141082,0,0,0
0,2,4,13,67,80,86149,12,0,0
0,2,4,11,67,79,100421,0,0,0
0,2,4,11,67,75,120095,0,0,0
0,2,4,11,67,70,142258,0,0,0
0,2,4,11,67,79,119196,0,0,0
0,2,4,11,67,71,110871,0,0,0
0,2,4,11,67,81,87981,0,0,0
0,2,4,12,67,78,159390,0,0,0
0,2,4,11,67,84,153171,0,0,0
0,2,4,11,67,84,118364,0,0,0
0,2,4,11,67,82,83429,0,0,0
0,2,4,11,67,69,86660,0,0,0
0,2,4,12,67,82,148239,0,0,0
0,2,4,12,67,79,115613,0,0,0
0,2,4,11,67,76,121898,0,0,0
0,2,4,12,67,82,213705,0,0,0
0,2,4,12,67,70,120869,0,0,0
0,2,4,11,67,77,139175,0,0,0
0,2,4,12,67,79,192838,0,0,0
0,2,4,11,67,79,179368,0,0,0
0,2,4,13,67,75,98698,12,0,0
0,2,4,11,67,70,25088,0,0,0
0,2,4,11,67,85,43805,0,0,0
0,2,4,12,67,74,108559,0,0,0
0,2,4,11,67,73,38739,0,0,0
0,2,4,11,67,73,169882,0,0,0
0,2,4,11,67,83,136127,0,0,0
0,2,4,11,67,75,58515,0,0,0
0,2,4,12,67,83,126201,0,0,0
0,2,4,11,67,73,149718,0,0,0
0,2,4,11,67,75,132792,0,0,0
0,2,4,11,67,89,49818,0,0,0
0,2,4,11,67,75,133999,0,0,0
0,2,4,11,67,73,100519,0,0,0
0,2,4,11,67,85,142923,0,0,0
0,2,4,11,67,86,121563,0,0,0
0,2,4,11,67,73,117152,0,0,0
0,2,4,11,67,81,125383,0,0,0
0,2,4,12,67,71,127466,0,0,0
0,2,4,11,67,83,197175,0,0,0
0,2,4,13,67,84,174023,38,0,0
0,2,4,11,67,85,185289,0,0,0
0,2,4,13,67,74,120487,12,0,0
0,2,4,11,67,76,142541,0,0,0
0,2,4,13,67,75,150616,12,0,0
0,2,4,11,67,83,118469,0,0,0
0,2,4,11,67,76,156686,0,0,0
0,2,4,11,67,77,160755,0,0,0
0,2,4,12,67,75,148718,0,0,0
0,2,4,11,67,73,120369,0,0,0
0,2,4,11,67,89,131641,0,0,0
0,2,4,11,67,77,83906,0,0,0
0,2,4,11,67,73,101800,0,0,0
0,2,4,12,67,76,168950,0,0,0
0,2,4,12,67,77,164799,0,0,0
0,2,4,11,67,68,117799,0,0,0
0,2,4,12,67,75,123029,0,0,0
0,2,4,11,67,98,302621,0,0,0
0,2,4,11,67,72,108628,0,0,0
0,2,4,12,67,86,136958,0,0,0
0,2,4,11,67,76,35192,0,0,0
0,2,4,12,67,70,257268,0,0,0
0,2,4,13,67,76,188465,12,0,0
0,2,4,12,67,73,112560,0,0,0
0,2,4,11,67,79,100894,0,0,0
0,2,4,12,67,66,164864,0,0,0
0,2,4,11,67,70,158249,0,0,0
0,2,4,11,67,87,99446,0,0,0
0,2,4,11,67,79,147323,0,0,0
0,2,4,11,67,76,129352,0,0,0
0,2,4,11,67,86,131572,0,0,0
0,2,4,11,67,76,112491,0,0,0
0,2,4,11,67,72,137651,0,0,0
0,2,4,11,67,80,103549,0,0,0
0,2,4,12,67,69,49150,38,0,0
0,2,4,12,67,72,98050,0,0,0
0,2,4,12,67,69,91038,0,0,0
0,2,4,11,67,70,191831,0,0,0
0,2,4,11,67,74,138669,0,0,0
0,2,4,11,67,103,80496,0,0,0
0,2,4,11,67,77,117992,0,0,0
0,2,4,11,67,72,165285,0,0,0
0,2,4,11,67,70,171573,0,0,0
0,2,4,11,67,74,133598,0,0,0
0,2,4,12,67,69,155113,0,0,0
0,2,4,12,67,82,144027,0,0,0
0,2,4,12,67,83,142222,38,0,0
0,2,4,12,67,92,178952,0,0,0
0,2,4,11,67,71,31407,0,0,0
0,2,4,12,67,99,160072,0,0,0
0,2,4,11,67,79,104834,0,0,0
0,2,4,11,67,75,140346,0,0,0
0,2,4,11,67,76,149252,0,0,0
0,2,4,11,67,73,142297,0,0,0
0,2,4,11,67,80,122508,0,0,0
0,2,4,11,67,77,156042,0,0,0
0,2,4,11,67,74,192105,0,0,0
0,2,4,11,67,72,158851,0,0,0
0,2,4,11,67,88,137316,0,0,0
0,2,4,12,67,78,155363,0,0,0
0,2,4,12,67,70,50421,38,0,0
0,2,4,11,67,70,113589,0,0,0
0,2,4,11,67,90,123918,0,0,0
0,2,4,11,67,72,205280,0,0,0
0,2,4,11,67,80,159512,0,0,0
0,2,4,11,67,83,84172,0,0,0
0,2,4,11,67,73,92700,0,0,0
0,2,4,11,67,72,166489,0,0,0
0,2,4,13,67,73,233259,12,0,0
0,2,4,11,67,74,31491,0,0,0
0,2,4,11,67,70,97451,0,0,0
0,2,4,12,67,76,187312,0,0,0
0,2,4,11,67,76,101100,0,0,0
0,2,4,12,67,71,151756,0,0,0
0,2,4,12,67,71,129524,0,0,0
0,2,4,11,67,79,155916,0,0,0
0,2,4,11,67,73,91756,0,0,0
0,2,4,11,67,73,147256,0,0,0
0,2,4,11,67,70,180702,0,0,0
0,2,4,13,67,75,193249,12,0,0
0,2,4,12,67,75,141749,0,0,0
0,2,4,12,67,75,154888,0,0,0
0,2,4,12,67,80,105522,0,0,0
0,2,4,11,67,78,140885,0,0,0
0,2,4,12,67,74,164118,0,0,0
0,2,4,13,67,79,147134,12,0,0
0,2,4,11,67,75,135688,0,0,0
0,2,4,11,67,84,105731,0,0,0
0,2,4,11,67,84,99296,0,0,0
0,2,4,11,67,74,109539,0,0,0
0,2,4,11,67,77,96605,0,0,0
0,2,4,12,67,73,89818,0,0,0
0,2,4,12,67,76,69829,12,0,0
0,2,4,12,67,69,102377,0,0,0
0,2,4,12,67,69,162384,0,0,0
0,2,4,12,67,74,219457,0,0,0
0,2,4,13,67,74,177112,12,0,0
0,2,4,11,67,74,137051,0,0,0
0,2,4,13,67,76,149361,12,0,0
0,2,4,11,67,74,112257,0,0,0
0,2,4,11,67,77,87791,0,0,0
0,2,4,11,67,70,185252,0,0,0
0,2,4,11,67,86,59817,0,0,0
0,2,4,11,67,71,142178,0,0,0
0,2,4,11,67,71,146790,0,0,0
0,2,4,12,67,69,118759,0,0,0
0,2,4,11,67,75,145189,0,0,0
0,2,4,11,67,71,95127,0,0,0
0,2,4,11,67,69,154265,0,0,0
0,2,4,12,67,80,138708,0,0,0
0,2,4,11,67,75,107404,0,0,0
0,2,4,11,67,87,144262,0,0,0
0,2,4,11,67,77,93097,0,0,0
0,2,4,11,67,77,106772,0,0,0
0,2,4,11,67,73,118923,0,0,0
0,2,4,11,67,72,91864,0,0,0
0,2,4,13,67,73,98933,12,0,0
0,2,4,12,67,86,136763,0,0,0
0,2,4,12,67,71,74331,0,0,0
0,2,4,12,67,72,123136,0,0,0
0,2,4,12,67,75,88542,0,0,0
0,2,4,11,67,80,166915,0,0,0
0,2,4,11,67,77,108111,0,0,0
0,2,4,11,67,71,141735,0,0,0
0,2,4,11,67,66,171630,0,0,0
0,2,4,11,67,79,152170,0,0,0
0,2,4,12,67,91,94963,0,0,0
0,2,4,12,67,73,213938,0,0,0
0,2,4,11,67,79,124942,0,0,0
0,2,4,11,67,95,157742,0,0,0
0,2,4,12,67,67,119572,12,0,0
0,2,4,11,67,71,98765,0,0,0
0,2,4,11,67,78,133423,0,0,0
0,2,4,12,67,81,73661,0,0,0
0,2,4,11,67,68,101583,0,0,0
0,2,4,11,67,78,127216,0,0,0
0,2,4,12,67,73,159731,0,0,0
0,2,4,13,67,81,190580,12,0,0
0,2,4,12,67,73,231092,0,0,0
0,2,4,11,67,68,46968,0,0,0
0,2,4,11,67,85,145544,0,0,0
0,2,4,12,67,72,89199,0,0,0
0,2,4,11,67,74,72214,0,0,0
0,2,4,11,67,72,93819,0,0,0
0,2,4,11,67,75,108890,0,0,0
0,2,4,11,67,75,157714,0,0,0
0,2,4,11,67,79,113297,0,0,0
0,2,4,11,67,74,125252,0,0,0
0,2,4,12,67,86,44293,0,0,0
0,2,4,11,67,71,245071,0,0,0
0,2,4,11,67,89,133677,0,0,0
0,2,4,12,67,77,106669,0,0,0
0,2,4,13,67,80,135885,12,0,0
0,2,4,11,67,90,119048,0,0,0
0,2,4,11,67,80,106642,0,0,0
0,2,4,11,67,84,158832,0,0,0
0,2,4,12,67,71,135438,0,0,0
0,2,4,11,67,72,142490,0,0,0
0,2,4,12,67,75,147595,0,0,0
0,2,4,11,67,69,90940,0,0,0
0,2,4,12,67,99,171808,0,0,0
0,2,4,11,67,72,161795,0,0,0
0,2,4,11,67,67,35940,0,0,0
0,2,4,11,67,74,148956,0,0,0
0,2,4,11,67,70,84414,0,0,0
0,2,4,11,67,73,86024,0,0,0
0,2,4,12,67,71,121141,0,0,0
0,2,4,12,67,76,136903,0,0,0
0,2,4,11,67,83,105116,0,0,0
0,2,4,12,67,77,142365,0,0,0
0,2,4,11,67,76,136528,0,0,0
0,2,4,11,67,68,104701,0,0,0
0,2,4,11,67,69,157231,0,0,0
0,2,4,11,67,80,158940,0,0,0
0,2,4,12,67,76,92967,0,0,0
0,2,4,11,67,68,221315,0,0,0
0,2,4,11,67,80,126564,0,0,0
0,2,4,11,67,74,177212,0,0,0
0,2,4,11,67,73,170245,0,0,0
0,2,4,12,67,75,121733,0,0,0
0,2,4,11,67,68,138012,0,0,0
0,2,4,11,67,73,62391,0,0,0
0,2,4,11,67,75,150561,0,0,0
0,2,4,11,67,74,134124,0,0,0
0,2,4,11,67,80,110337,0,0,0
0,2,4,11,67,77,129673,0,0,0
0,2,4,11,67,72,144159,0,0,0
0,2,4,11,67,78,120296,0,0,0
0,2,4,11,67,87,146083,0,0,0
0,2,4,11,67,74,130465,0,0,0
0,2,4,12,67,72,85508,0,0,0
0,2,4,12,67,72,139661,0,0,0
0,2,4,12,67,75,125477,0,0,0
0,2,4,12,67,76,208332,0,0,0
0,2,4,11,67,80,77471,0,0,0
0,2,4,11,67,91,56904,0,0,0
0,2,4,11,67,79,137203,0,0,0
0,2,4,12,67,80,184096,0,0,0
0,2,4,12,67,73,139837,0,0,0
0,2,4,11,67,75,150459,0,0,0
0,2,4,12,67,96,159794,0,0,0
0,2,4,11,67,71,153005,0,0,0
0,2,4,11,67,70,121501,0,0,0
0,2,4,11,67,75,143398,0,0,0
0,2,4,12,67,75,127808,0,0,0
0,2,4,12,67,84,130132,0,0,0
0,2,4,11,67,82,128870,0,0,0
0,2,4,12,67,78,120246,30,0,0
0,2,4,12,67,78,115392,0,0,0
0,2,4,12,67,71,139325,0,0,0
0,2,4,12,67,80,112414,0,0,0
0,2,4,12,67,79,56884,12,0,0
0,2,4,11,67,73,145273,0,0,0
0,2,4,11,67,74,120733,0,0,0
0,2,4,11,67,69,182154,0,0,0
0,2,4,11,67,73,215122,0,0,0
0,2,4,11,67,70,177270,0,0,0
0,2,4,11,67,69,163622,0,0,0
0,2,4,11,67,84,151039,0,0,0
0,2,4,12,67,88,149435,0,0,0
0,2,4,13,67,92,161765,12,0,0
0,2,4,12,67,71,125346,0,0,0
0,2,4,11,67,78,104955,0,0,0
0,2,4,13,67,78,127430,12,0,0
0,2,4,11,67,87,102770,0,0,0
0,2,4,11,67,75,146185,0,0,0
0,2,4,11,67,76,44171,0,0,0
0,2,4,12,67,74,92930,0,0,0
0,2,4,11,67,108,67129,0,0,0
0,2,4,11,67,74,192493,0,0,0
0,2,4,11,67,70,222831,0,0,0
0,2,4,11,67,81,42392,0,0,0
0,2,4,11,67,75,55514,0,0,0
0,2,4,11,67,83,111164,0,0,0
0,2,4,11,67,76,161921,0,0,0
0,2,4,12,67,70,155652,0,0,0
0,2,4,11,67,74,134798,0,0,0
0,2,4,13,67,76,136748,12,0,0
0,2,4,11,67,75,139158,0,0,0
0,2,4,13,67,74,140120,12,0,0
0,2,4,13,67,69,127955,38,0,0
0,2,4,12,67,76,158325,0,0,0
0,2,4,12,67,68,189532,0,0,0
0,2,4,12,67,74,158054,0,0,0
0,2,4,11,67,80,98488,0,0,0
0,2,4,11,67,86,131679,0,0,0
0,2,4,11,67,78,115076,0,0,0
0,2,4,11,67,73,148471,0,0,0
0,2,4,11,67,72,185399,0,0,0
0,2,4,11,67,69,114176,0,0,0
0,2,4,11,67,77,125943,0,0,0
0,2,4,11,67,74,102988,0,0,0
0,2,4,11,67,74,134607,0,0,0
0,2,4,11,67,79,123568,0,0,0
0,2,4,12,67,74,176204,0,0,0
0,2,4,11,67,72,209974,0,0,0
0,2,4,12,67,80,96338,0,0,0
0,2,4,12,67,74,135990,0,0,0
0,2,4,11,67,75,108076,0,0,0
0,2,4,11,67,77,170634,0,0,0
0,2,4,11,67,86,135713,0,0,0
0,2,4,11,67,82,37237,0,0,0
0,2,4,11,67,76,165085,0,0,0
0,2,4,11,67,79,154615,0,0,0
0,2,4,12,67,82,36484,12,0,0
0,2,4,11,67,78,143588,0,0,0
0,2,4,12,67,76,161465,0,0,0
0,2,4,11,67,93,128258,0,0,0
0,2,4,11,67,87,103143,0,0,0
0,2,4,12,67,87,228134,0,0,0
0,2,4,11,67,77,115073,0,0,0
0,2,4,11,67,72,126911,0,0,0
0,2,4,12,67,72,151543,0,0,0
0,2,4,12,67,88,139004,0,0,0
0,2,4,13,67,76,97953,12,0,0
0,2,4,11,67,74,129068,0,0,0
0,2,4,12,67,73,130812,0,0,0
0,2,4,11,67,71,182794,0,0,0
0,2,4,12,67,84,122545,0,0,0
0,2,4,12,67,83,161761,0,0,0
0,2,4,11,67,80,110832,0,0,0
0,2,4,12,67,70,199169,0,0,0
0,2,4,11,67,73,125405,0,0,0
0,2,4,12,67,80,125655,0,0,0
0,2,4,11,67,79,171753,0,0,0
0,2,4,11,67,74,109620,0,0,0
0,2,4,12,67,76,137011,0,0,0
0,2,4,12,67,81,179355,0,0,0
0,2,4,11,67,75,66317,0,0,0
0,2,4,12,67,88,146837,0,0,0
0,2,4,11,67,74,133428,0,0,0
0,2,4,11,67,70,192811,0,0,0
0,2,4,11,67,75,165627,0,0,0
0,2,4,11,67,70,116834,0,0,0
0,2,4,11,67,74,125014,0,0,0
0,2,4,12,67,76,114172,0,0,0
0,2,4,11,67,78,130053,0,0,0
0,2,4,11,67,70,52212,0,0,0
0,2,4,11,67,75,109240,0,0,0
0,2,4,11,67,76,137265,0,0,0
0,2,4,11,67,81,166832,0,0,0
0,2,4,11,67,76,133183,0,0,0
0,2,4,12,67,71,192225,0,0,0
0,2,4,13,67,70,175123,12,0,0
0,2,4,13,67,76,126475,12,0,0
0,2,4,13,67,69,126859,12,0,0
0,2,4,11,67,76,113841,0,0,0
0,2,4,11,67,82,104744,0,0,0
0,2,4,11,67,71,115796,0,0,0
0,2,4,12,67,71,72030,0,0,0
0,2,4,12,67,84,115639,0,0,0
0,2,4,12,67,88,142460,0,0,0
0,2,4,11,67,110,81234,0,0,0
0,2,4,12,67,92,158722,0,0,0
0,2,4,11,67,74,113835,0,0,0
0,2,4,12,67,92,117289,0,0,0
0,2,4,12,67,71,163201,0,0,0
0,2,4,11,67,82,148845,0,0,0
0,2,4,11,67,78,218796,0,0,0
0,2,4,11,67,67,177189,0,0,0
0,2,4,11,67,74,149968,0,0,0
0,2,4,11,67,80,60880,0,0,0
0,2,4,12,67,73,101685,30,0,0
0,2,4,11,67,69,86512,0,0,0
0,2,4,11,67,78,67385,0,0,0
0,2,4,11,67,73,75900,0,0,0
0,2,4,11,67,77,79571,0,0,0
0,2,4,11,67,71,65054,0,0,0
0,2,4,11,67,77,64924,0,0,0
0,2,4,12,67,77,155245,0,0,0
0,2,4,11,67,82,103471,0,0,0
0,2,4,11,67,95,135420,0,0,0
0,2,4,11,67,65,168756,0,0,0
0,2,4,11,67,77,172801,0,0,0
0,2,4,11,67,74,130057,0,0,0
0,2,4,11,67,81,86690,0,0,0
0,2,4,11,67,74,100776,0,0,0
0,2,4,11,67,72,192987,0,0,0
0,2,4,11,67,76,152812,0,0,0
0,2,4,12,67,70,133260,0,0,0
0,2,4,11,67,73,48705,0,0,0
0,2,4,11,67,73,151055,0,0,0
0,2,4,11,67,101,76590,0,0,0
0,2,4,12,67,87,114549,0,0,0
0,2,4,11,67,74,117444,0,0,0
0,2,4,11,67,75,95875,0,0,0
0,2,4,11,67,75,96349,0,0,0
0,2,4,11,67,77,128790,0,0,0
0,2,4,12,67,76,108413,0,0,0
0,2,4,11,67,78,213782,0,0,0
0,2,4,11,67,70,98075,0,0,0
0,2,4,12,67,72,131041,0,0,0
0,2,4,11,67,78,148161,0,0,0
0,2,4,11,67,72,158713,0,0,0
0,2,4,12,67,75,124437,0,0,0
0,2,4,11,67,69,147724,0,0,0
0,2,4,11,67,69,195125,0,0,0
0,2,4,11,67,81,182271,0,0,0
0,2,4,11,67,69,147749,0,0,0
0,2,4,12,67,77,110616,0,0,0
0,2,4,11,67,84,146100,0,0,0
0,2,4,12,67,71,122409,0,0,0
0,2,4,11,67,91,152158,0,0,0
0,2,4,11,67,72,77750,0,0,0
0,2,4,13,67,71,161077,12,0,0
0,2,4,11,67,76,82201,0,0,0
0,2,4,12,67,80,87335,0,0,0
0,2,4,12,67,82,141325,12,0,0
0,2,4,11,67,76,41470,0,0,0
0,2,4,11,67,72,30600,0,0,0
0,2,4,11,67,75,210362,0,0,0
0,2,4,11,67,80,93330,0,0,0
0,2,4,13,67,81,141093,12,0,0
0,2,4,12,67,75,94479,0,0,0
0,2,4,11,67,75,148110,0,0,0
0,2,4,11,67,73,43396,0,0,0
0,2,4,11,67,73,134170,0,0,0
0,2,4,11,67,81,156213,0,0,0
0,2,4,11,67,88,42496,0,0,0
0,2,4,12,67,80,71928,0,0,0
0,2,4,13,67,74,121409,12,0,0
0,2,4,12,67,76,63832,0,0,0
0,2,4,12,67,73,78538,0,0,0
0,2,4,12,67,77,110526,0,0,0
0,2,4,11,67,69,193444,0,0,0
0,2,4,12,67,72,207504,0,0,0
0,2,4,12,67,75,236294,0,0,0
0,2,4,11,67,72,147166,0,0,0
0,2,4,11,67,84,137506,0,0,0
0,2,4,11,67,68,164819,0,0,0
0,2,4,11,67,77,141882,0,0,0
0,2,4,11,67,78,198913,0,0,0
0,2,4,12,67,75,148681,0,0,0
0,2,4,11,67,76,121183,0,0,0
0,2,4,11,67,88,114481,0,0,0
0,2,4,11,67,79,136574,0,0,0
0,2,4,11,67,73,165004,0,0,0
0,2,4,12,67,77,73811,0,0,0
0,2,4,12,67,76,97377,0,0,0
0,2,4,12,67,71,128019,0,0,0
0,2,4,12,67,79,127355,0,0,0
0,2,4,11,67,80,149484,0,0,0
0,2,4,12,67,73,138036,0,0,0
0,2,4,12,67,73,141239,0,0,0
0,2,4,12,67,80,101553,0,0,0
0,2,4,12,67,68,154206,0,0,0
0,2,4,12,67,70,136174,0,0,0
0,2,4,12,67,75,83150,0,0,0
0,2,4,12,67,77,139725,0,0,0
0,2,4,11,67,79,162705,0,0,0
0,2,4,12,67,75,136265,0,0,0
0,2,4,11,67,82,83201,0,0,0
0,2,4,11,67,74,148915,0,0,0
0,2,4,12,67,72,180082,0,0,0
0,2,4,12,67,73,189992,0,0,0
0,2,4,11,67,81,162830,0,0,0
0,2,4,12,67,84,92386,0,0,0
0,2,4,13,67,76,94886,12,0,0
0,2,4,12,67,70,129219,0,0,0
0,2,4,11,67,92,148728,0,0,0
0,2,4,12,67,74,180482,0,0,0
0,2,4,13,67,75,147375,12,0,0
0,2,4,12,67,75,138366,0,0,0
0,2,4,11,67,72,203237,0,0,0
0,2,4,11,67,78,114714,0,0,0
0,2,4,11,67,77,147855,0,0,0
0,2,4,11,67,89,125136,0,0,0
0,2,4,11,67,72,65377,0,0,0
0,2,4,11,67,74,163612,0,0,0
0,2,4,11,67,70,167295,0,0,0
0,2,4,11,67,73,177759,0,0,0
0,2,4,11,67,74,174387,0,0,0
0,2,4,11,67,75,97711,0,0,0
0,2,4,11,67,75,39577,0,0,0
0,2,4,11,67,79,58846,0,0,0
0,2,4,11,67,74,207666,0,0,0
0,2,4,11,67,81,150145,0,0,0
0,2,4,12,67,72,179272,0,0,0
0,2,4,12,67,77,139906,0,0,0
0,2,4,11,67,81,121187,0,0,0
0,2,4,11,67,62,37072,0,0,0
0,2,4,11,67,75,169483,0,0,0
0,2,4,11,67,74,108396,0,0,0
0,2,4,11,67,82,179087,0,0,0
0,2,4,11,67,72,146407,0,0,0
0,2,4,11,67,67,106762,0,0,0
0,2,4,12,67,71,108616,0,0,0
0,2,4,11,67,80,127172,0,0,0
0,2,4,12,67,73,164831,0,0,0
0,2,4,13,67,73,144948,12,0,0
0,2,4,11,67,77,93972,0,0,0
0,2,4,11,67,75,127708,0,0,0
0,2,4,11,67,71,138549,0,0,0
0,2,4,11,67,73,74473,0,0,0
0,2,4,13,67,72,122188,12,0,0
0,2,4,11,67,80,127806,0,0,0
0,2,4,11,67,83,138265,0,0,0
0,2,4,12,67,73,210895,0,0,0
0,2,4,11,67,76,202325,0,0,0
0,2,4,11,67,71,65427,0,0,0
0,2,4,11,67,73,78032,0,0,0
0,2,4,11,67,92,40084,0,0,0
0,2,4,12,67,72,86132,0,0,0
0,2,4,11,67,77,113857,0,0,0
0,2,4,11,67,70,138617,0,0,0
0,2,4,11,67,78,90902,0,0,0
0,2,4,11,67,108,94813,0,0,0
0,2,4,12,67,69,124917,0,0,0
0,2,4,11,67,72,146746,0,0,0
0,2,4,11,67,83,150949,0,0,0
0,2,4,12,67,77,181629,0,0,0
0,2,4,11,67,72,135880,0,0,0
0,2,4,12,67,86,111845,60,0,0
0,2,4,11,67,73,139724,0,0,0
0,2,4,11,67,83,58847,0,0,0
0,2,4,11,67,72,134917,0,0,0
0,2,4,11,67,80,145023,0,0,0
0,2,4,11,67,77,104491,0,0,0
0,2,4,12,67,79,137265,0,0,0
0,2,4,13,67,85,88398,12,0,0
0,2,4,12,67,67,43832,0,0,0
0,2,4,12,67,69,79523,0,0,0
0,2,4,11,67,72,61948,0,0,0
0,2,4,12,67,82,125119,0,0,0
0,2,4,11,67,70,97780,0,0,0
0,2,4,11,67,78,111735,0,0,0
0,2,4,11,67,74,134746,0,0,0
0,2,4,11,67,77,141831,0,0,0
0,2,4,11,67,70,130613,0,0,0
0,2,4,11,67,77,161658,0,0,0
0,2,4,12,67,70,97609,0,0,0
0,2,4,12,67,81,184782,0,0,0
0,2,4,13,67,81,95895,12,0,0
0,2,4,12,67,70,289997,0,0,0
0,2,4,11,67,69,226776,0,0,0
0,2,4,11,67,75,144257,0,0,0
0,2,4,11,67,71,155442,0,0,0
0,2,4,12,67,77,141711,0,0,0
0,2,4,11,67,76,179811,0,0,0
0,2,4,12,67,74,145670,0,0,0
0,2,4,11,67,72,177894,0,0,0
0,2,4,11,67,75,147228,0,0,0
0,2,4,12,67,84,173994,0,0,0
0,2,4,11,67,66,55969,0,0,0
0,2,4,12,67,84,156946,12,0,0
0,2,4,11,67,75,208625,0,0,0
0,2,4,11,67,74,168753,0,0,0
0,2,4,12,67,74,92760,0,0,0
0,2,4,12,67,81,133121,0,0,0
0,2,4,13,67,75,215172,12,0,0
0,2,4,12,67,79,98593,0,0,0
0,2,4,12,67,64,172632,0,0,0
0,2,4,13,67,74,171362,12,0,0
0,2,4,12,67,88,90883,0,0,0
0,2,4,12,67,70,196693,0,0,0
0,2,4,12,67,72,220578,0,0,0
0,2,4,11,67,72,135720,0,0,0
0,2,4,11,67,68,140378,0,0,0
0,2,4,12,67,78,86706,0,0,0
0,2,4,12,67,83,140837,0,0,0
0,2,4,11,67,79,130364,0,0,0
0,2,4,11,67,74,155976,0,0,0
0,2,4,11,67,76,139828,0,0,0
0,2,4,11,67,77,136376,0,0,0
0,2,4,12,67,73,119151,0,0,0
0,2,4,12,67,76,90504,0,0,0
0,2,4,12,67,71,190298,12,0,0
0,2,4,12,67,83,109584,0,0,0
0,2,4,11,67,86,157855,0,0,0
0,2,4,12,67,74,106123,0,0,0
0,2,4,12,67,76,109037,0,0,0
0,2,4,12,67,72,224241,0,0,0
0,2,4,12,67,84,124381,0,0,0
0,2,4,12,67,72,114654,0,0,0
0,2,4,12,67,80,126062,0,0,0
0,2,4,12,67,77,142938,0,0,0
0,2,4,11,67,70,158723,0,0,0
0,2,4,11,67,82,124606,0,0,0
0,2,4,12,67,74,117561,0,0,0
0,2,4,12,67,90,155653,0,0,0
0,2,4,11,67,80,128572,0,0,0
0,2,4,12,67,81,62639,12,0,0
0,2,4,12,67,80,117179,0,0,0
0,2,4,12,67,86,96145,0,0,0
0,2,4,12,67,80,173019,0,0,0
0,2,4,11,67,71,78259,0,0,0
0,2,4,13,67,80,134323,12,0,0
0,2,4,13,67,91,204872,12,0,0
0,2,4,11,67,84,93127,0,0,0
0,2,4,12,67,75,168903,0,0,0
0,2,4,12,67,88,146524,0,0,0
0,2,4,11,67,73,224539,0,0,0
0,2,4,12,67,77,168309,0,0,0
0,2,4,12,67,67,114909,0,0,0
0,2,4,11,67,72,139319,0,0,0
0,2,4,13,67,72,187190,12,0,0
0,2,4,11,67,83,138582,0,0,0
0,2,4,12,67,99,127835,0,0,0
0,2,4,11,67,86,120813,0,0,0
0,2,4,11,67,73,140872,0,0,0
0,2,4,12,67,76,164169,0,0,0
0,2,4,11,67,77,117558,0,0,0
0,2,4,12,67,81,153197,0,0,0
0,2,4,11,67,74,126097,0,0,0
0,2,4,11,67,72,143179,0,0,0
0,2,4,12,67,71,119413,0,0,0
0,2,4,12,67,73,185640,0,0,0
0,2,4,11,67,73,176633,0,0,0
0,2,4,13,67,76,173497,12,0,0
0,2,4,12,67,84,119672,12,0,0
0,2,4,12,67,83,107914,12,0,0
0,2,4,12,67,78,114990,12,0,0
0,2,4,11,67,75,108339,0,0,0
0,2,4,11,67,74,161506,0,0,0
0,2,4,12,67,73,130881,0,0,0
0,2,4,13,67,77,148803,12,0,0
0,2,4,11,67,90,97175,0,0,0
0,2,4,12,67,73,161634,0,0,0
0,2,4,12,67,75,135286,0,0,0
0,2,4,11,67,71,181710,0,0,0
0,2,4,12,67,69,176206,0,0,0
0,2,4,12,67,73,222577,0,2830,0
0,2,4,11,67,65,34361,0,0,0
0,2,4,11,67,71,125353,0,0,0
0,2,4,12,67,102,100614,0,0,0
0,2,4,12,67,71,113800,30,0,0
0,2,4,12,67,85,131714,0,0,0
0,2,4,11,67,81,90956,0,0,0
0,2,4,11,67,76,129992,0,0,0
0,2,4,11,67,67,27289,0,0,0
0,2,4,11,67,65,20949,0,0,0
0,2,4,11,67,73,151826,0,0,0
0,2,4,12,67,70,105724,0,0,0
0,2,4,11,67,71,206660,0,0,0
0,2,4,12,67,71,111930,12,0,0
0,2,4,12,67,71,162319,12,0,0
0,2,4,11,67,79,110195,0,0,0
0,2,4,12,67,75,120281,0,0,0
0,2,4,11,67,68,194086,0,0,0
0,2,4,11,67,72,154810,0,0,0
0,2,4,13,67,74,177714,12,0,0
0,2,4,11,67,76,214809,0,0,0
0,2,4,11,67,95,104839,0,0,0
0,2,4,11,67,90,159961,0,0,0
0,2,4,12,67,70,144100,0,0,0
0,2,4,12,67,80,138856,0,0,0
0,2,4,11,67,70,151514,0,0,0
0,2,4,12,67,73,175120,0,0,0
0,2,4,12,67,75,182411,0,0,0
0,2,4,12,67,72,177850,0,0,0
0,2,4,11,67,73,196050,0,0,0
0,2,4,12,67,81,159271,0,0,0
0,2,4,11,67,80,121690,0,0,0
0,2,4,11,67,66,162410,0,0,0
0,2,4,12,67,77,136455,0,0,0
0,2,4,11,67,79,50319,0,0,0
0,2,4,11,67,79,139056,0,0,0
0,2,4,12,67,73,64347,38,0,0
0,2,4,11,67,73,128279,0,0,0
0,2,4,11,67,86,117940,0,0,0
0,2,4,11,67,68,51429,0,0,0
0,2,4,11,67,77,171797,0,0,0
0,2,4,11,67,77,144538,0,0,0
0,2,4,11,67,72,166207,0,0,0
0,2,4,11,67,81,166412,0,0,0
0,2,4,12,67,72,194639,0,0,0
0,2,4,11,67,72,169279,0,0,0
0,2,4,12,67,91,136945,0,0,0
0,2,4,13,67,72,146999,12,0,0
0,2,4,12,67,76,77034,0,0,0
0,2,4,11,67,70,188297,0,0,0
0,2,4,12,67,79,152270,19,0,0
0,2,4,11,67,73,179039,0,0,0
0,2,4,11,67,74,147372,0,0,0
0,2,4,12,67,83,149884,0,0,0
0,2,4,11,67,81,168176,0,0,0
0,2,4,11,67,73,220807,0,0,0
0,2,4,12,67,70,75096,0,0,0
0,2,4,12,67,70,78951,0,0,0
0,2,4,12,67,72,74700,0,0,0
0,2,4,12,67,73,205689,0,0,0
0,2,4,11,67,87,66485,0,0,0
0,2,4,11,67,85,171654,0,0,0
0,2,4,11,67,71,135005,0,0,0
0,2,4,11,67,75,139806,0,0,0
0,2,4,11,67,80,197818,0,0,0
0,2,4,11,67,78,114824,0,0,0
0,2,4,12,67,79,136747,0,0,0
0,2,4,12,67,76,182397,0,0,0
0,2,4,11,67,70,80793,0,0,0
0,2,4,11,67,74,113257,0,0,0
0,2,4,11,67,84,131882,0,0,0
0,2,4,11,67,75,76096,0,0,0
0,2,4,11,67,76,157327,0,0,0
0,2,4,12,67,79,161488,0,0,0
0,2,4,12,67,77,102475,0,0,0
0,2,4,11,67,93,131451,0,0,0
0,2,4,11,67,78,115211,0,0,0
0,2,4,11,67,72,63117,0,0,0
0,2,4,12,67,75,122264,0,0,0
0,2,4,12,67,91,133052,0,0,0
0,2,4,12,67,75,228090,0,0,0
0,2,4,12,67,76,112933,0,0,0
0,2,4,12,67,71,160657,12,0,0
0,2,4,11,67,86,123559,0,0,0
0,2,4,11,67,71,47002,0,0,0
0,2,4,11,67,78,54715,0,0,0
0,2,4,11,67,76,174003,0,0,0
0,2,4,12,67,79,104336,0,0,0
0,2,4,12,67,64,79908,0,0,0
0,2,4,12,67,85,76623,0,0,0
0,2,4,11,67,85,119826,0,0,0
0,2,4,11,67,71,64649,0,0,0
0,2,4,12,67,75,164491,0,0,0
0,2,4,11,67,78,81107,0,0,0
0,2,4,11,67,72,113419,0,0,0
0,2,4,11,67,85,185959,0,0,0
0,2,4,11,67,81,68898,0,0,0
0,2,4,11,67,73,109901,0,0,0
0,2,4,11,67,77,140787,0,0,0
0,2,4,11,67,70,133884,0,0,0
0,2,4,13,67,75,143772,12,0,0
0,2,4,12,67,76,129404,0,0,0
0,2,4,11,67,73,143478,0,0,0
0,2,4,12,67,98,126928,0,0,0
0,2,4,13,67,80,123484,0,4014,0
0,2,4,11,67,77,154884,0,0,0
0,2,4,11,67,82,138424,0,0,0
0,2,4,11,67,85,152238,0,0,0
0,2,4,11,67,79,113855,0,0,0
0,2,4,11,67,76,200452,0,0,0
0,2,4,11,67,69,182096,0,0,0
0,2,4,11,67,80,116396,0,0,0
0,2,4,13,67,73,141638,12,0,0
0,2,4,12,67,73,152187,0,0,0
0,2,4,11,67,78,131188,0,0,0
0,2,4,11,67,74,192385,0,0,0
0,2,4,11,67,101,66074,0,0,0
0,2,4,12,67,77,178366,0,0,0
0,2,4,11,67,74,129307,0,0,0
0,2,4,11,67,76,126208,0,0,0
0,2,4,12,67,71,245057,0,0,0
0,2,4,12,67,76,103163,0,0,0
0,2,4,12,67,76,87446,0,0,0
0,2,4,12,67,77,86029,0,0,0
0,2,4,12,67,73,110743,0,0,0
0,2,4,11,67,79,160234,0,0,0
0,2,4,12,67,79,91923,0,0,0
0,2,4,12,67,78,78353,0,0,0
0,2,4,12,67,78,97488,0,0,0
0,2,4,12,67,74,85683,0,0,0
0,2,4,11,67,73,122639,0,0,0
0,2,4,11,67,80,70159,0,0,0
0,2,4,11,67,82,154933,0,0,0
0,2,4,11,67,82,128196,0,0,0
0,2,4,11,67,77,116931,0,0,0
0,2,4,11,67,70,162397,0,0,0
0,2,4,11,67,73,102314,0,0,0
0,2,4,11,67,74,71359,0,0,0
0,2,4,12,67,82,83548,0,0,0
0,2,4,12,67,87,67970,0,0,17
0,2,4,12,67,79,147058,0,0,0
0,2,4,11,67,70,95378,0,0,0
0,2,4,12,67,72,266702,0,0,0
0,2,4,11,67,74,132374,0,0,0
0,2,4,11,67,75,183403,0,0,0
0,2,4,11,67,71,69606,0,0,0
0,2,4,11,67,89,127383,0,0,0
0,2,4,11,67,67,144991,0,0,0
0,2,4,11,67,80,208676,0,0,0
0,2,4,11,67,93,111293,0,0,0
0,2,4,12,67,74,177387,0,0,0
0,2,4,12,67,90,119476,0,0,0
0,2,4,12,67,78,169152,0,0,0
0,2,4,11,67,80,113202,0,0,0
0,2,4,12,67,77,218905,0,0,0
0,2,4,11,67,79,135726,0,0,0
0,2,4,11,67,77,122023,0,0,0
0,2,4,11,67,89,132092,0,0,0
0,2,4,12,67,86,168364,0,0,0
0,2,4,11,67,80,94607,0,0,0
0,2,4,11,67,83,54201,0,0,0
0,2,4,11,67,72,137992,0,0,0
0,2,4,11,67,75,126546,0,0,0
0,2,4,12,67,75,179279,0,0,0
0,2,4,11,67,75,43191,0,0,0
0,2,4,12,67,82,134930,30,0,0
0,2,4,11,67,75,76811,0,0,0
0,2,4,11,67,84,148196,0,0,0
0,2,4,12,67,74,130329,12,0,0
0,2,4,11,67,82,80156,0,0,0
0,2,4,11,67,77,117784,0,0,0
0,2,4,11,67,78,145194,0,0,0
0,2,4,11,67,75,42868,0,0,0
0,2,4,11,67,78,169058,0,0,0
0,2,4,12,67,71,163101,0,0,0
0,2,4,11,67,77,89172,0,0,0
0,2,4,11,67,87,131454,0,0,0
0,2,4,11,67,73,164347,0,0,0
0,2,4,11,67,89,130874,0,0,0
0,2,4,11,67,95,122569,0,0,0
0,2,4,11,67,67,236290,0,0,0
0,2,4,11,67,71,164575,0,0,0
0,2,4,11,67,69,175089,0,0,0
0,2,4,11,67,85,169909,0,0,0
0,2,4,11,67,81,105151,0,0,0
0,2,4,12,67,77,123557,0,0,0
0,2,4,11,67,102,53706,0,0,0
0,2,4,11,67,75,66571,0,0,0
0,2,4,11,67,72,158518,0,0,0
0,2,4,12,67,73,188476,0,0,0
0,2,4,11,67,84,39390,0,0,0
0,2,4,11,67,82,138097,0,0,0
0,2,4,12,67,80,159082,0,0,0
0,2,4,11,67,74,118468,0,0,0
0,2,4,11,67,81,91802,0,0,0
0,2,4,13,67,77,108626,12,0,0
0,2,4,12,67,72,197397,0,0,0
0,2,4,11,67,82,153820,0,0,0
0,2,4,12,67,77,135405,0,0,0
0,2,4,12,67,85,112945,0,0,0
0,2,4,12,67,74,181090,38,0,0
0,2,4,12,67,74,99414,0,0,0
0,2,4,12,67,94,147945,0,0,0
0,2,4,11,67,76,59738,0,0,0
0,2,4,12,67,67,118652,0,0,0
0,2,4,11,67,76,69089,0,0,0
0,2,4,11,67,76,132107,0,0,0
0,2,4,11,67,75,195915,0,0,0
0,2,4,11,67,91,92902,0,0,0
0,2,4,12,67,76,118245,0,0,0
0,2,4,11,67,74,149782,0,0,0
0,2,4,13,67,72,145148,12,0,0
0,2,4,11,67,83,113082,0,0,0
0,2,4,12,67,74,145441,0,0,0
0,2,4,11,67,80,190163,0,0,0
0,2,4,12,67,70,135439,0,0,0
0,2,4,11,67,78,157740,0,0,0
0,2,4,12,67,76,218529,0,0,0
0,2,4,12,67,72,123625,0,0,0
0,2,4,11,67,76,144002,0,0,0
0,2,4,11,67,76,196534,0,0,0
0,2,4,12,67,72,57129,12,0,0
0,2,4,11,67,77,67098,0,0,0
0,2,4,11,67,82,104603,0,0,0
0,2,4,11,67,78,113600,0,0,0
0,2,4,11,67,85,87570,0,0,0
0,2,4,11,67,107,90977,0,0,0
0,2,4,11,67,67,171005,0,0,0
0,2,4,11,67,77,162517,0,0,0
0,2,4,11,67,82,149154,0,0,0
0,2,4,11,67,86,96415,0,0,0
0,2,4,11,67,82,139672,0,0,0
0,2,4,12,67,71,102105,0,0,0
0,2,4,11,67,75,205037,0,0,0
0,2,4,12,67,74,196168,17,0,0
0,2,4,12,67,73,195342,17,0,0
0,2,4,12,67,73,71401,0,0,0
0,2,4,12,67,76,93517,0,0,0
0,2,4,11,67,76,121846,0,0,0
0,2,4,11,67,78,133823,0,0,0
0,2,4,11,67,73,111840,0,0,0
0,2,4,11,67,82,110885,0,0,0
0,2,4,11,67,83,154026,0,0,0
0,2,4,11,67,82,98867,0,0,0
0,2,4,11,67,70,88579,0,0,0
0,2,4,11,67,71,86722,0,0,0
0,2,4,11,67,86,68979,0,0,0
0,2,4,11,67,81,145486,0,0,0
0,2,4,11,67,84,187555,0,0,0
0,2,4,11,67,74,116594,0,0,0
0,2,4,11,67,84,100476,0,0,0
0,2,4,11,67,86,77923,0,0,0
0,2,4,11,67,73,160694,0,0,0
0,2,4,11,67,72,155976,0,0,0
0,2,4,12,67,72,222530,12,0,0
0,2,4,11,67,73,128876,0,0,0
0,2,4,11,67,76,182934,0,0,0
0,2,4,11,67,99,181571,0,0,0
0,2,4,11,67,73,188591,0,0,0
0,2,4,11,67,82,109834,0,0,0
0,2,4,11,67,77,69036,0,0,0
0,2,4,12,67,83,127520,0,0,0
0,2,4,11,67,76,50328,0,0,0
0,2,4,11,67,67,90910,0,0,0
0,2,4,12,67,68,201890,0,0,0
0,2,4,11,67,71,95024,0,0,0
0,2,4,11,67,77,131808,0,0,0
0,2,4,12,67,74,209576,34,0,0
0,2,4,11,67,68,127962,0,0,0
0,2,4,12,67,76,106420,0,0,0
0,2,4,11,67,81,161692,0,0,0
0,2,4,11,67,75,112941,0,0,0
0,2,4,11,67,74,115752,0,0,0
0,2,4,11,67,86,123501,0,0,0
0,2,4,12,67,76,209240,0,0,0
0,2,4,12,67,77,119691,0,0,0
0,2,4,11,67,68,80671,0,0,0
0,2,4,11,67,80,137831,0,0,0
0,2,4,12,67,85,236715,0,0,0
0,2,4,12,67,76,168217,0,0,0
0,2,4,12,67,77,84127,0,0,0
0,2,4,12,67,94,118303,0,0,0
0,2,4,12,67,70,159294,0,0,0
0,2,4,12,67,80,103596,0,0,0
0,2,4,12,67,68,184582,0,0,0
0,2,4,12,67,77,117089,12,0,0
0,2,4,11,67,76,118950,0,0,0
0,2,4,11,67,86,151406,0,0,0
0,2,4,11,67,71,81640,0,0,0
0,2,4,11,67,78,143747,0,0,0
0,2,4,11,67,74,125442,0,0,0
0,2,4,11,67,73,120378,0,0,0
0,2,4,11,67,72,36305,0,0,0
0,2,4,11,67,86,162496,0,0,0
0,2,4,12,67,91,134750,0,0,0
0,2,4,11,67,76,140604,0,0,0
0,2,4,11,67,68,107275,0,0,0
0,2,4,12,67,87,134010,0,0,0
0,2,4,11,67,69,79899,0,0,0
0,2,4,12,67,84,116065,0,0,0
0,2,4,11,67,82,140881,0,0,0
0,2,4,12,67,76,104942,0,0,0
0,2,4,12,67,70,158896,0,0,0
0,2,4,12,67,71,173027,0,0,0
0,2,4,12,67,71,178589,0,0,0
0,2,4,11,67,69,192452,0,0,0
0,2,4,11,67,91,110849,0,0,0
0,2,4,12,67,77,150250,0,0,0
0,2,4,13,67,72,107377,12,0,0
0,2,4,12,67,67,169261,0,0,0
0,2,4,13,67,74,133029,12,0,0
0,2,4,12,67,68,74104,0,0,0
0,2,4,12,67,82,125282,18,0,0
0,2,4,11,67,100,38507,0,0,0
0,2,4,12,67,79,109169,0,0,0
0,2,4,11,67,75,127225,0,0,0
0,2,4,11,67,74,126574,0,0,0
0,2,4,11,67,85,145861,0,0,0
0,2,4,12,67,76,150579,0,0,0
0,2,4,12,67,78,121247,0,0,0
0,2,4,12,67,70,98615,12,0,0
0,2,4,12,67,71,124948,0,0,0
0,2,4,11,67,79,201272,0,0,0
0,2,4,11,67,77,201139,0,0,0
0,2,4,12,67,75,197433,0,0,0
0,2,4,11,67,78,104779,0,0,0
0,2,4,12,67,76,99347,0,0,0
0,2,4,12,67,79,139601,0,0,0
0,2,4,11,67,68,102799,0,0,0
0,2,4,11,67,81,146693,0,0,0
0,2,4,11,67,78,97302,0,0,0
0,2,4,12,67,70,195758,0,0,0
0,2,4,12,67,68,141690,0,0,0
0,2,4,12,67,82,157572,0,0,0
0,2,4,12,67,76,156658,0,0,0
0,2,4,12,67,78,73383,0,0,0
0,2,4,12,67,84,62779,12,0,0
0,2,4,11,67,84,106171,0,0,0
0,2,4,11,67,92,136206,0,0,0
0,2,4,11,67,88,180485,0,0,0
0,2,4,12,67,88,188893,0,0,0
0,2,4,11,67,72,106347,0,0,0
0,2,4,11,67,96,48777,0,0,0
0,2,4,11,67,73,131891,0,0,0
0,2,4,11,67,71,107597,0,0,0
0,2,4,11,67,72,59318,0,0,0
0,2,4,12,67,72,217253,0,0,0
0,2,4,11,67,74,124248,0,0,0
0,2,4,11,67,90,137594,0,0,0
0,2,4,12,67,82,104700,0,0,0
0,2,4,12,67,76,105013,0,0,0
0,2,4,11,67,76,111597,0,0,0
0,2,4,11,67,73,85355,0,0,0
0,2,4,12,67,73,152771,0,0,0
0,2,4,12,67,73,105866,0,0,0
0,2,4,12,67,72,96683,0,0,0
0,2,4,12,67,77,162670,17,0,0
0,2,4,12,67,81,117507,17,0,0
0,2,4,12,67,76,76820,0,0,0
0,2,4,11,67,71,110562,0,0,0
0,2,4,11,67,71,182864,0,0,0
0,2,4,11,67,75,133519,0,0,0
0,2,4,12,67,75,162183,0,0,0
0,2,4,12,67,76,127879,0,0,0
0,2,4,12,67,77,188767,0,0,0
0,2,4,12,67,76,120390,0,0,0
0,2,4,11,67,74,156821,0,0,0
0,2,4,11,67,77,58804,0,0,0
0,2,4,11,67,67,101399,0,0,0
0,2,4,12,67,93,80061,0,0,0
0,2,4,11,67,71,63365,0,0,0
0,2,4,11,67,79,101132,0,0,0
0,2,4,11,67,70,218442,0,0,0
0,2,4,12,67,71,159663,12,0,0
0,2,4,12,67,71,186459,0,0,0
0,2,4,11,67,67,123890,0,0,0
0,2,4,11,67,75,106544,0,0,0
0,2,4,11,67,80,97288,0,0,0
0,2,4,12,67,90,49879,0,0,17
0,2,4,12,67,82,113658,0,0,0
0,2,4,11,67,67,155392,0,0,0
0,2,4,11,67,74,194585,0,0,0
0,2,4,12,67,85,169372,0,0,0
0,2,4,12,67,76,150950,0,0,0
0,2,4,12,67,72,180101,0,0,0
0,2,4,11,67,70,187566,0,0,0
0,2,4,11,67,76,88667,0,0,0
0,2,4,12,67,80,139225,0,0,0
0,2,4,11,67,75,135218,0,0,0
0,2,4,11,67,76,192674,0,0,0
0,2,4,12,67,69,160844,0,0,0
0,2,4,11,67,76,111601,0,0,0
0,2,4,13,67,79,194450,12,0,0
0,2,4,12,67,77,84912,0,0,0
0,2,4,11,67,72,58844,0,0,0
0,2,4,12,67,76,155430,0,0,0
0,2,4,11,67,66,51000,0,0,0
0,2,4,13,67,82,231659,0,6148,0
0,2,4,11,67,90,89614,0,0,0
0,2,4,12,67,70,166107,0,0,0
0,2,4,11,67,72,127852,0,0,0
0,2,4,11,67,92,121523,0,0,0
0,2,4,12,67,83,96014,0,0,0
0,2,4,11,67,77,168952,0,0,0
0,2,4,11,67,85,196731,0,0,0
0,2,4,11,67,79,134394,0,0,0
0,2,4,11,67,88,177571,0,0,0
0,2,4,11,67,74,112926,0,0,0
0,2,4,12,67,85,87538,0,0,0
0,2,4,11,67,97,201662,0,0,0
0,2,4,12,67,79,139226,0,0,0
0,2,4,11,67,73,67495,0,0,0
0,2,4,11,67,77,117895,0,0,0
0,2,4,11,67,72,120956,0,0,0
0,2,4,11,67,73,133131,0,0,0
0,2,4,12,67,69,154011,12,0,0
0,2,4,11,67,88,140777,0,0,0
0,2,4,11,67,74,110312,0,0,0
0,2,4,11,67,77,121717,0,0,0
0,2,4,11,67,85,38238,0,0,0
0,2,4,11,67,80,133156,0,0,0
0,2,4,11,67,70,127215,0,0,0
0,2,4,12,67,75,223053,0,0,0
0,2,4,11,67,94,81064,0,0,0
0,2,4,11,67,101,44407,0,0,0
0,2,4,12,67,71,144573,0,0,0
0,2,4,11,67,76,171194,0,0,0
0,2,4,11,67,92,207480,0,0,0
0,2,4,11,67,80,172584,0,0,0
0,2,4,11,67,67,41300,0,0,0
0,2,4,12,67,77,104705,0,0,0
0,2,4,12,67,76,193013,0,0,0
0,2,4,11,67,78,114802,0,0,0
0,2,4,11,67,67,84774,0,0,0
0,2,4,11,67,73,116089,0,0,0
0,2,4,11,67,71,125286,0,0,0
0,2,4,11,67,77,117942,0,0,0
0,2,4,11,67,73,134777,0,0,0
0,2,4,12,67,80,87736,30,0,0
0,2,4,12,67,70,140648,0,0,0
0,2,4,11,67,71,36528,0,0,0
0,2,4,11,67,70,186733,0,0,0
0,2,4,11,67,78,117274,0,0,0
0,2,4,11,67,79,106270,0,0,0
0,2,4,11,67,71,134998,0,0,0
0,2,4,11,67,75,156573,0,0,0
0,2,4,11,67,76,206505,0,0,0
0,2,4,11,67,90,124606,0,0,0
0,2,4,11,67,76,156581,0,0,0
0,2,4,12,67,69,91538,80,0,0
0,2,4,11,67,89,146110,0,0,0
0,2,4,11,67,80,190259,0,0,0
0,2,4,11,67,74,102862,0,0,0
0,2,4,12,67,75,188745,0,0,0
0,2,4,13,67,75,128130,12,0,0
0,2,4,11,67,82,113635,0,0,0
0,2,4,11,67,69,225706,0,0,0
0,2,4,11,67,81,105089,0,0,0
0,2,4,11,67,77,97613,0,0,0
0,2,4,11,67,90,136497,0,0,0
0,2,4,11,67,78,188107,0,0,0
0,2,4,12,67,68,197723,0,0,0
0,2,4,11,67,72,111361,0,0,0
0,2,4,11,67,72,141718,0,0,0
0,2,4,12,67,70,155938,0,0,0
0,2,4,11,67,76,167870,0,0,0
0,2,4,12,67,79,182273,0,0,0
0,2,4,11,67,82,138278,0,0,0
0,2,4,11,67,75,81277,0,0,0
0,2,4,12,67,78,123573,0,0,0
0,2,4,12,67,86,154330,0,0,0
0,2,4,11,67,73,56533,0,0,0
0,2,4,13,67,70,195566,12,0,0
0,2,4,11,67,84,105840,0,0,0
0,2,4,12,67,84,155754,0,0,0
0,2,4,11,67,71,160185,0,0,0
0,2,4,11,67,77,112523,0,0,0
0,2,4,11,67,83,169920,0,0,0
0,2,4,11,67,76,113539,0,0,0
0,2,4,11,67,83,183829,0,0,0
0,2,4,11,67,78,101345,0,0,0
0,2,4,12,67,71,151282,0,0,0
0,2,4,12,67,85,116124,0,0,0
0,2,4,11,67,75,176618,0,0,0
0,2,4,11,67,80,167426,0,0,0
0,2,4,11,67,70,164770,0,0,0
0,2,4,11,67,86,110005,0,0,0
0,2,4,11,67,90,103544,0,0,0
0,2,4,12,67,67,167614,0,0,0
0,2,4,11,67,74,109276,0,0,0
0,2,4,12,67,78,100074,0,0,0
0,2,4,11,67,70,36310,0,0,0
0,2,4,11,67,75,157767,0,0,0
0,2,4,11,67,75,173232,0,0,0
0,2,4,13,67,72,161020,12,0,0
0,2,4,12,67,86,128709,0,0,0
0,2,4,11,67,75,167822,0,0,0
0,2,4,12,67,99,90143,0,0,0
0,2,4,12,67,92,73961,0,0,0
0,2,4,11,67,73,142683,0,0,0
0,2,4,12,67,78,152920,0,0,0
0,2,4,12,67,71,117690,0,0,0
0,2,4,12,67,68,226059,0,0,0
0,2,4,12,67,75,204349,0,0,0
0,2,4,12,67,82,166438,0,0,0
0,2,4,11,67,74,140337,0,0,0
0,2,4,11,67,83,153263,0,0,0
0,2,4,11,67,89,101074,0,0,0
0,2,4,11,67,98,74631,0,0,0
0,2,4,12,67,78,78420,0,0,0
0,2,4,12,67,89,82146,0,0,0
0,2,4,11,67,74,82218,0,0,0
0,2,4,11,67,70,143814,0,0,0
0,2,4,11,67,71,94156,0,0,0
0,2,4,12,67,65,152726,0,0,0
0,2,4,11,67,71,89204,0,0,0
0,2,4,12,67,82,126851,0,0,0
0,2,4,12,67,86,138663,0,0,0
0,2,4,11,67,81,101311,0,0,0
0,2,4,11,67,80,161188,0,0,0
0,2,4,11,67,74,126820,0,0,0
0,2,4,13,67,81,133340,12,0,0
0,2,4,11,67,74,112072,0,0,0
0,2,4,12,67,73,168205,0,0,0
0,2,4,12,67,87,90440,0,0,0
0,2,4,12,67,83,126767,0,0,0
0,2,4,11,67,86,108315,0,0,0
0,2,4,11,67,71,189787,0,0,0
0,2,4,11,67,77,137041,0,0,0
0,2,4,12,67,70,71452,0,0,0
0,2,4,11,67,80,192674,0,0,0
0,2,4,12,67,76,128145,12,0,0
0,2,4,12,67,74,114096,12,0,0
0,2,4,12,67,74,142300,0,0,0
0,2,4,13,67,73,196953,12,0,0
0,2,4,12,67,80,108394,0,0,0
0,2,4,12,67,67,160731,0,0,0
0,2,4,11,67,73,161133,0,0,0
0,2,4,11,67,70,88518,0,0,0
0,2,4,13,67,75,157754,12,0,0
0,2,4,12,67,91,87162,0,0,0
0,2,4,11,67,73,142432,0,0,0
0,2,4,11,67,72,148953,0,0,0
0,2,4,11,67,65,137053,0,0,0
0,2,4,12,67,69,207239,0,0,0
0,2,4,11,67,70,90450,0,0,0
0,2,4,12,67,72,113268,0,0,0
0,2,4,11,67,79,83047,0,0,0
0,2,4,11,67,69,194236,0,0,0
0,2,4,12,67,73,128881,0,0,0
0,2,4,11,67,73,102785,0,0,0
0,2,4,12,67,87,101183,0,0,0
0,2,4,11,67,73,136620,0,0,0
0,2,4,12,67,83,146258,0,0,0
0,2,4,12,67,72,127583,0,0,0
0,2,4,12,67,83,161860,0,0,0
0,2,4,13,67,72,218337,12,0,0
0,2,4,11,67,84,90214,0,0,0
0,2,4,11,67,75,84544,0,0,0
0,2,4,11,67,103,30573,0,0,0
0,2,4,12,67,75,111129,0,0,0
0,2,4,11,67,72,233458,0,0,0
0,2,4,12,67,79,118104,12,0,0
0,2,4,11,67,79,46583,0,0,0
0,2,4,11,67,77,196712,0,0,0
0,2,4,11,67,77,215693,0,0,0
0,2,4,11,67,73,209654,0,0,0
0,2,4,12,67,91,94218,0,0,0
0,2,4,11,67,73,155395,0,0,0
0,2,4,12,67,76,183948,0,0,0
0,2,4,11,67,79,103165,0,0,0
0,2,4,11,67,72,145926,0,0,0
0,2,4,11,67,85,144170,0,0,0
0,2,4,11,67,73,155367,0,0,0
0,2,4,11,67,73,224935,0,0,0
0,2,4,11,67,76,126485,0,0,0
0,2,4,11,67,74,118647,0,0,0
0,2,4,11,67,74,120606,0,0,0
0,2,4,12,67,70,205157,0,0,0
0,2,4,11,67,73,169243,0,0,0
0,2,4,12,67,86,120716,0,0,0
0,2,4,11,67,89,157223,0,0,0
0,2,4,11,67,73,119329,0,0,0
0,2,4,11,67,74,146542,0,0,0
0,2,4,11,67,72,142907,0,0,0
0,2,4,12,67,82,188188,0,0,0
0,2,4,11,67,85,65626,0,0,0
0,2,4,11,67,72,150733,0,0,0
0,2,4,11,67,80,116152,0,0,0
0,2,4,11,67,88,68922,0,0,0
0,2,4,11,67,80,52836,0,0,0
0,2,4,11,67,73,182996,0,0,0
0,2,4,13,67,79,128402,12,0,0
0,2,4,13,67,77,165233,12,0,0
0,2,4,11,67,70,180229,0,0,0
0,2,4,11,67,77,204474,0,0,0
0,2,4,11,67,70,165595,0,0,0
0,2,4,12,67,71,118781,0,0,0
0,2,4,12,67,77,151348,0,0,0
0,2,4,11,67,79,153361,0,0,0
0,2,4,11,67,76,91344,0,0,0
0,2,4,12,67,71,155314,0,0,0
0,2,4,11,67,75,123361,0,0,0
0,2,4,11,67,75,115348,0,0,0
0,2,4,12,67,74,102874,0,0,0
0,2,4,11,67,75,124249,0,0,0
0,2,4,11,67,69,125752,0,0,0
0,2,4,12,67,81,103387,0,0,0
0,2,4,12,67,91,107255,0,0,0
0,2,4,11,67,83,183853,0,0,0
0,2,4,11,67,74,83218,0,0,0
0,2,4,11,67,73,57138,0,0,0
0,2,4,11,67,76,161333,0,0,0
0,2,4,12,67,97,103964,0,0,0
0,2,4,11,67,87,121387,0,0,0
0,2,4,11,67,84,185893,0,0,0
0,2,4,11,67,68,57563,0,0,0
0,2,4,11,67,73,128031,0,0,0
0,2,4,12,67,83,138339,0,0,0
0,2,4,11,67,69,194493,0,0,0
0,2,4,12,67,73,137522,0,0,0
0,2,4,13,67,84,109537,12,0,0
0,2,4,11,67,70,179345,0,0,0
0,2,4,11,67,78,152731,0,0,0
0,2,4,11,67,67,125419,0,0,0
0,2,4,11,67,75,150237,0,0,0
0,2,4,11,67,73,174843,0,0,0
0,2,4,11,67,71,119087,0,0,0
0,2,4,11,67,75,164788,0,0,0
0,2,4,11,67,69,133864,0,0,0
0,2,4,11,67,80,113756,0,0,0
0,2,4,11,67,73,131615,0,0,0
0,2,4,11,67,71,171083,0,0,0
0,2,4,11,67,76,135163,0,0,0
0,2,4,11,67,84,141463,0,0,0
0,2,4,11,67,73,131988,0,0,0
0,2,4,11,67,84,152477,0,0,0
0,2,4,11,67,72,139373,0,0,0
0,2,4,11,67,73,125921,0,0,0
0,2,4,12,67,76,131164,0,0,0
0,2,4,11,67,76,146662,0,0,0
0,2,4,12,67,75,131270,0,0,0
0,2,4,11,67,72,255653,0,0,0
0,2,4,11,67,73,186937,0,0,0
0,2,4,11,67,83,119494,0,0,0
0,2,4,11,67,77,132527,0,0,0
0,2,4,12,67,76,111836,0,0,0
0,2,4,11,67,82,62207,0,0,0
0,2,4,12,67,72,164658,0,0,0
0,2,4,11,67,74,138422,0,0,0
0,2,4,11,67,75,166887,0,0,0
0,2,4,11,67,74,104312,0,0,0
0,2,4,13,67,86,189809,12,0,0
0,2,4,12,67,79,128713,12,0,0
0,2,4,11,67,72,119685,0,0,0
0,2,4,11,67,77,128575,0,0,0
0,2,4,11,67,67,198096,0,0,0
0,2,4,11,67,78,145028,0,0,0
0,2,4,11,67,76,132612,0,0,0
0,2,4,11,67,76,152321,0,0,0
0,2,4,12,67,73,179610,0,0,0
0,2,4,11,67,71,217016,0,0,0
0,2,4,12,67,73,154279,0,0,0
0,2,4,12,67,84,118288,0,0,0
0,2,4,12,67,74,160012,0,0,0
0,2,4,11,67,73,48933,0,0,0
0,2,4,12,67,78,128584,0,0,0
0,2,4,12,67,82,190342,0,0,0
0,2,4,12,67,72,202371,0,0,0
0,2,4,12,67,74,139222,0,0,0
0,2,4,12,67,71,165699,0,0,0
0,2,4,12,67,79,186804,0,0,0
0,2,4,13,67,79,176763,12,0,0
0,2,4,11,67,84,141839,0,0,0
0,2,4,12,67,80,104286,0,0,0
0,2,4,11,67,78,104981,0,0,0
0,2,4,12,67,74,123876,0,0,0
0,2,4,12,67,70,104432,0,0,0
0,2,4,12,67,84,149760,0,0,0
0,2,4,12,67,80,158482,0,0,0
0,2,4,12,67,95,171071,0,0,0
0,2,4,11,67,70,145447,0,0,0
0,2,4,11,67,67,83543,0,0,0
0,2,4,11,67,73,99826,0,0,0
0,2,4,11,67,72,118938,0,0,0
0,2,4,12,67,84,153521,0,0,0
0,2,4,12,67,85,82804,0,0,0
0,2,4,11,67,76,187007,0,0,0
0,2,4,11,67,74,194485,0,0,0
0,2,4,12,67,87,140471,0,0,0
0,2,4,11,67,78,189453,0,0,0
0,2,4,12,67,73,72928,0,0,0
0,2,4,12,67,89,99344,0,0,0
0,2,4,13,67,80,171114,12,0,0
0,2,4,11,67,71,131401,0,0,0
0,2,4,11,67,69,117644,0,0,0
0,2,4,11,67,72,119741,0,0,0
0,2,4,12,67,70,122008,0,0,0
0,2,4,11,67,87,144488,0,0,0
0,2,4,12,67,95,206880,0,0,0
0,2,4,11,67,74,121679,0,0,0
0,2,4,12,67,84,135312,0,0,0
0,2,4,11,67,78,182336,0,0,0
0,2,4,12,67,78,128502,33,0,0
0,2,4,11,67,74,158410,0,0,0
0,2,4,12,67,81,143918,0,0,0
0,2,4,11,67,75,108561,0,0,0
0,2,4,11,67,71,89791,0,0,0
0,2,4,12,67,75,176454,0,0,0
0,2,4,11,67,78,163289,0,0,0
0,2,4,12,67,72,181131,0,0,0
0,2,4,11,67,74,151341,0,0,0
0,2,4,11,67,76,114220,0,0,0
0,2,4,12,67,70,210592,0,0,0
0,2,4,12,67,75,92857,0,0,0
0,2,4,12,67,90,136660,0,0,0
0,2,4,12,67,90,196062,0,0,0
0,2,4,12,67,71,205184,0,0,0
0,2,4,11,67,92,121993,0,0,0
0,2,4,11,67,75,163172,0,0,0
0,2,4,11,67,76,144413,0,0,0
0,2,4,12,67,75,127525,0,0,0
0,2,4,11,67,73,102010,0,0,0
0,2,4,12,67,84,82155,0,0,0
0,2,4,12,67,86,122991,0,0,0
0,2,4,11,67,82,69842,0,0,0
0,2,4,11,67,102,59722,0,0,0
0,2,4,11,67,77,96434,0,0,0
0,2,4,12,67,88,132533,44,0,0
0,2,4,11,67,71,166314,0,0,0
0,2,4,11,67,75,101110,0,0,0
0,2,4,11,67,76,123313,0,0,0
0,2,4,11,67,74,109924,0,0,0
0,2,4,12,67,80,159786,0,0,0
0,2,4,11,67,79,90359,0,0,0
0,2,4,11,67,72,133525,0,0,0
0,2,4,12,67,70,280479,0,0,0
0,2,4,11,67,81,152400,0,0,0
0,2,4,11,67,66,167126,0,0,0
0,2,4,11,67,75,120746,0,0,0
0,2,4,12,67,78,153856,0,0,0
0,2,4,12,67,72,203331,0,0,0
0,2,4,11,67,81,106428,0,0,0
0,2,4,12,67,86,69007,0,0,0
0,2,4,11,67,80,137667,0,0,0
0,2,4,11,67,65,128286,0,0,0
0,2,4,11,67,79,110727,0,0,0
0,2,4,11,67,67,233284,0,0,0
0,2,4,12,67,72,136987,0,0,0
0,2,4,12,67,71,104857,0,0,0
0,2,4,12,67,92,97395,0,0,0
0,2,4,12,67,78,126247,0,0,0
0,2,4,12,67,84,160382,0,0,0
0,2,4,12,67,74,121584,12,0,0
0,2,4,11,67,76,114066,0,0,0
0,2,4,12,67,73,101280,0,0,0
0,2,4,11,67,72,46487,0,0,0
0,2,4,11,67,78,141795,0,0,0
0,2,4,11,67,70,79150,0,0,0
0,2,4,11,67,74,158651,0,0,0
0,2,4,11,67,79,170797,0,0,0
0,2,4,12,67,85,240499,0,0,0
0,2,4,12,67,84,197036,0,2830,0
0,2,4,11,67,73,110756,0,0,0
0,2,4,11,67,79,176892,0,0,0
0,2,4,11,67,87,146409,0,0,0
0,2,4,11,67,76,63302,0,0,0
0,2,4,11,67,78,110479,0,0,0
0,2,4,11,67,76,143117,0,0,0
0,2,4,11,67,81,133650,0,0,0
0,2,4,11,67,88,149559,0,0,0
0,2,4,11,67,77,113542,0,0,0
0,2,4,11,67,85,135747,0,0,0
0,2,4,11,67,79,111139,0,0,0
0,2,4,11,67,75,63154,0,0,0
0,2,4,12,67,85,115589,0,0,0
0,2,4,12,67,79,132376,0,0,0
0,2,4,12,67,77,155044,0,0,0
0,2,4,11,67,85,45423,0,0,0
0,2,4,11,67,78,108140,0,0,0
0,2,4,11,67,73,120240,0,0,0
0,2,4,11,67,68,200619,0,0,0
0,2,4,11,67,73,79094,0,0,0
0,2,4,11,67,72,115408,0,0,0
0,2,4,11,67,75,177118,0,0,0
0,2,4,12,67,95,124712,0,0,0
0,2,4,11,67,80,147141,0,0,0
0,2,4,11,67,76,156579,0,0,0
0,2,4,11,67,80,167905,0,0,0
0,2,4,11,67,81,131792,0,0,0
0,2,4,11,67,68,115118,0,0,0
0,2,4,12,67,71,88338,0,0,0
0,2,4,11,67,69,88779,0,0,0
0,2,4,11,67,68,55442,0,0,0
0,2,4,11,67,75,172493,0,0,0
0,2,4,11,67,87,134230,0,0,0
0,2,4,11,67,83,101345,0,0,0
0,2,4,11,67,75,118225,0,0,0
0,2,4,11,67,72,206009,0,0,0
0,2,4,11,67,85,144522,0,0,0
0,2,4,11,67,81,100951,0,0,0
0,2,4,11,67,81,114286,0,0,0
0,2,4,11,67,87,129406,0,0,0
0,2,4,12,67,75,213687,0,0,0
0,2,4,11,67,74,124145,0,0,0
0,2,4,11,67,71,130847,0,0,0
0,2,4,11,67,101,120856,0,0,0
0,2,4,11,67,80,96332,0,0,0
0,2,4,11,67,73,70457,0,0,0
0,2,4,11,67,82,149645,0,0,0
0,2,4,11,67,73,106943,0,0,0
0,2,4,11,67,83,94491,0,0,0
0,2,4,13,67,77,87094,12,0,0
0,2,4,11,67,86,97931,0,0,0
0,2,4,11,67,74,110586,0,0,0
0,2,4,12,67,72,154166,0,0,0
0,2,4,11,67,77,95436,0,0,0
0,2,4,11,67,80,120513,0,0,0
0,2,4,11,67,79,163090,0,0,0
0,2,4,11,67,76,201030,0,0,0
0,2,4,11,67,74,133842,0,0,0
0,2,4,11,67,85,113866,0,0,0
0,2,4,11,67,70,90471,0,0,0
0,2,4,11,67,81,143018,0,0,0
0,2,4,11,67,77,101350,0,0,0
0,2,4,12,67,77,156585,0,0,0
0,2,4,12,67,74,137743,0,0,0
0,2,4,12,67,76,118116,0,0,0
0,2,4,12,67,76,150595,0,0,0
0,2,4,12,67,79,80085,293,0,0
0,2,4,11,67,81,100334,0,0,0
0,2,4,12,67,73,118155,0,0,0
0,2,4,12,67,79,128342,0,0,0
0,2,4,11,67,77,170115,0,0,0
0,2,4,12,67,78,93575,0,0,0
0,2,4,12,67,73,187784,0,0,0
0,2,4,11,67,88,148642,0,0,0
0,2,4,11,67,88,125545,0,0,0
0,2,4,11,67,82,114142,0,0,0
0,2,4,12,67,84,186208,0,0,0
0,2,4,12,67,84,114181,0,0,0
0,2,4,11,67,86,54087,0,0,0
0,2,4,11,67,88,156026,0,0,0
0,2,4,12,67,73,100289,0,0,0
0,2,4,11,67,72,121420,0,0,0
0,2,4,11,67,83,164501,0,0,0
0,2,4,11,67,75,140384,0,0,0
0,2,4,11,67,71,103475,0,0,0
0,2,4,11,67,75,120787,0,0,0
0,2,4,13,67,72,163111,12,0,0
0,2,4,11,67,72,150028,0,0,0
0,2,4,11,67,78,238457,0,0,0
0,2,4,12,67,69,140675,0,0,0
0,2,4,11,67,83,84236,0,0,0
0,2,4,11,67,84,159460,0,0,0
0,2,4,11,67,68,101366,0,0,0
0,2,4,11,67,78,56525,0,0,0
0,2,4,11,67,73,122117,0,0,0
0,2,4,13,67,74,118751,12,0,0
0,2,4,12,67,86,163784,0,0,0
0,2,4,12,67,99,154500,0,0,0
0,2,4,11,67,102,78609,0,0,0
0,2,4,12,67,81,65144,12,0,0
0,2,4,11,67,81,104542,0,0,0
0,2,4,12,67,71,53289,0,0,0
0,2,4,12,67,71,177915,0,0,0
0,2,4,12,67,79,120820,0,0,0
0,2,4,12,67,81,155249,0,0,0
0,2,4,12,67,70,267566,0,0,0
0,2,4,11,67,77,69091,0,0,0
0,2,4,12,67,84,219821,0,0,0
0,2,4,11,67,75,163957,0,0,0
0,2,4,11,67,73,133015,0,0,0
0,2,4,11,67,76,91598,0,0,0
0,2,4,11,67,87,91706,0,0,0
0,2,4,12,67,78,144973,0,0,0
0,2,4,11,67,68,127888,0,0,0
0,2,4,12,67,72,48813,0,0,0
0,2,4,11,67,68,123938,0,0,0
0,2,4,12,67,81,103895,0,0,0
0,2,4,11,67,80,152773,0,0,0
0,2,4,11,67,75,88266,0,0,0
0,2,4,12,67,75,133788,0,0,0
0,2,4,11,67,73,91335,0,0,0
0,2,4,11,67,74,147866,0,0,0
0,2,4,12,67,87,143704,0,0,0
0,2,4,12,67,91,163914,0,0,0
0,2,4,12,67,84,118689,0,0,0
0,2,4,11,67,76,184026,0,0,0
0,2,4,12,67,73,214517,0,0,0
0,2,4,11,67,77,177532,0,0,0
0,2,4,12,67,89,155916,0,0,0
0,2,4,11,67,82,102325,0,0,0
0,2,4,11,67,69,99614,0,0,0
0,2,4,11,67,76,139901,0,0,0
0,2,4,13,67,67,141344,12,0,0
0,2,4,12,67,75,108682,0,0,0
0,2,4,12,67,72,118921,0,0,0
0,2,4,11,67,74,126987,0,0,0
0,2,4,11,67,73,105976,0,0,0
0,2,4,11,67,77,135294,0,0,0
0,2,4,11,67,76,156811,0,0,0
0,2,4,11,67,78,164423,0,0,0
0,2,4,11,67,78,98521,0,0,0
0,2,4,12,67,71,77636,0,0,0
0,2,4,12,67,81,115065,0,0,0
0,2,4,12,67,69,65651,0,0,0
0,2,4,11,67,78,145154,0,0,0
0,2,4,12,67,68,81671,0,0,0
0,2,4,12,67,81,162747,0,0,0
0,2,4,11,67,78,156811,0,0,0
0,2,4,12,67,72,107186,0,0,0
0,2,4,12,67,78,122440,0,0,0
0,2,4,11,67,83,95154,0,0,0
0,2,4,11,67,70,93100,0,0,0
0,2,4,11,67,87,97555,0,0,0
0,2,4,11,67,92,113245,0,0,0
0,2,4,11,67,69,109881,0,0,0
0,2,4,11,67,72,240048,0,0,0
0,2,4,12,67,75,116284,12,0,0
0,2,4,11,67,77,129173,0,0,0
0,2,4,12,67,88,139348,0,0,0
0,2,4,11,67,79,106292,0,0,0
0,2,4,12,67,69,90861,0,0,0
0,2,4,11,67,69,109913,0,0,0
0,2,4,11,67,86,133523,0,0,0
0,2,4,12,67,70,184239,0,0,0
0,2,4,12,67,72,212374,0,0,0
0,2,4,12,67,72,263090,0,0,0
0,2,4,12,67,70,226744,0,0,0
0,2,4,12,67,76,80568,0,0,0
0,2,4,11,67,73,62044,0,0,0
0,2,4,12,67,70,120363,0,0,0
0,2,4,11,67,86,137715,0,0,0
0,2,4,12,67,72,105975,0,0,0
0,2,4,12,67,86,184707,0,0,0
0,2,4,11,67,83,167978,0,0,0
0,2,4,12,67,74,117008,0,0,0
0,2,4,11,67,71,103708,0,0,0
0,2,4,11,67,59,32245,0,0,0
0,2,4,11,67,82,143477,0,0,0
0,2,4,11,67,83,111018,0,0,0
0,2,4,11,67,84,128269,0,0,0
0,2,4,11,67,80,132968,0,0,0
0,2,4,11,67,81,112001,0,0,0
0,2,4,13,67,72,215154,12,0,0
0,2,4,11,67,81,120678,0,0,0
0,2,4,11,67,74,154242,0,0,0
0,2,4,12,67,86,208246,0,0,0
0,2,4,11,67,69,144396,0,0,0
0,2,4,11,67,84,141244,0,0,0
0,2,4,11,67,69,117222,0,0,0
0,2,4,11,67,72,234156,0,0,0
0,2,4,11,67,78,178020,0,0,0
0,2,4,11,67,79,154885,0,0,0
0,2,4,11,67,97,62033,0,0,0
0,2,4,13,67,78,131896,12,0,0
0,2,4,11,67,75,143804,0,0,0
0,2,4,11,67,80,195034,0,0,0
0,2,4,11,67,85,92968,0,0,0
0,2,4,12,67,74,87272,0,0,0
0,2,4,11,67,73,195567,0,0,0
0,2,4,12,67,67,252765,0,0,0
0,2,4,11,67,73,106466,0,0,0
0,2,4,11,67,74,110823,0,0,0
0,2,4,11,67,97,86929,0,0,0
0,2,4,11,67,78,114570,0,0,0
0,2,4,11,67,75,117460,0,0,0
0,2,4,12,67,76,136159,0,0,0
0,2,4,12,67,73,114220,0,0,0
0,2,4,11,67,73,60931,0,0,0
0,2,4,12,67,78,130910,0,0,0
0,2,4,11,67,84,110029,0,0,0
0,2,4,11,67,84,126647,0,0,0
0,2,4,11,67,72,60623,0,0,0
0,2,4,11,67,90,167262,0,0,0
0,2,4,11,67,66,208636,0,0,0
0,2,4,11,67,74,156476,0,0,0
0,2,4,11,67,76,299095,0,0,0
0,2,4,12,67,77,109420,0,0,0
0,2,4,11,67,79,136675,0,0,0
0,2,4,12,67,74,57422,0,0,0
0,2,4,12,67,81,118987,0,0,0
0,2,4,12,67,82,146707,0,0,0
0,2,4,13,67,69,115634,12,0,0
0,2,4,11,67,73,159241,0,0,0
0,2,4,13,67,78,125501,12,0,0
0,2,4,11,67,80,146461,0,0,0
0,2,4,11,67,72,162216,0,0,0
0,2,4,11,67,65,34025,0,0,0
0,2,4,11,67,71,82852,0,0,0
0,2,4,12,67,72,199490,0,0,0
0,2,4,11,67,71,189605,0,0,0
0,2,4,11,67,84,85154,0,0,0
0,2,4,12,67,90,114926,12,0,0
0,2,4,12,67,65,144699,12,0,0
0,2,4,12,67,73,108290,0,0,0
0,2,4,12,67,70,225771,0,0,0
0,2,4,12,67,86,169222,0,0,0
0,2,4,11,67,71,178633,0,0,0
0,2,4,11,67,81,79806,0,0,0
0,2,4,11,67,88,164380,0,0,0
0,2,4,12,67,72,160859,0,0,0
0,2,4,12,67,94,203411,0,0,0
0,2,4,11,67,72,136933,0,0,0
0,2,4,11,67,79,196541,0,0,0
0,2,4,11,67,79,134722,0,0,0
0,2,4,11,67,74,195562,0,0,0
0,2,4,11,67,70,140023,0,0,0
0,2,4,12,67,76,73805,0,0,0
0,2,4,12,67,74,270234,0,0,0
0,2,4,11,67,86,80967,0,0,0
0,2,4,11,67,73,118762,0,0,0
0,2,4,11,67,75,112641,0,0,0
0,2,4,11,67,75,201125,0,0,0
0,2,4,11,67,76,145810,0,0,0
0,2,4,11,67,75,147484,0,0,0
0,2,4,13,67,72,87336,12,0,0
0,2,4,11,67,80,162113,0,0,0
0,2,4,12,67,72,87103,0,0,0
0,2,4,13,67,81,107817,12,0,0
0,2,4,13,67,86,116382,12,0,0
0,2,4,13,67,72,105626,12,0,0
0,2,4,11,67,82,121121,0,0,0
0,2,4,11,67,72,123346,0,0,0
0,2,4,11,67,82,109997,0,0,0
0,2,4,11,67,75,202701,0,0,0
0,2,4,12,67,73,166186,0,0,0
0,2,4,12,67,75,98938,0,0,0
0,2,4,11,67,77,116606,0,0,0
0,2,4,11,67,78,91593,0,0,0
0,2,4,11,67,84,110677,0,0,0
0,2,4,11,67,82,151590,0,0,0
0,2,4,11,67,82,107189,0,0,0
0,2,4,12,67,74,97856,0,0,0
0,2,4,11,67,85,144400,0,0,0
0,2,4,11,67,81,187558,0,0,0
0,2,4,11,67,82,163493,0,0,0
0,2,4,13,67,70,103669,12,0,0
0,2,4,11,67,72,171550,0,0,0
0,2,4,12,67,69,190534,12,0,0
0,2,4,12,67,82,153591,12,0,0
0,2,4,12,67,79,208152,0,0,0
0,2,4,12,67,73,207864,0,0,0
0,2,4,12,67,78,74116,0,0,0
0,2,4,11,67,70,126847,0,0,0
0,2,4,12,67,75,117439,0,0,0
0,2,4,11,67,89,103877,0,0,0
0,2,4,11,67,91,147183,0,0,0
0,2,4,11,67,76,116942,0,0,0
0,2,4,11,67,75,97954,0,0,0
0,2,4,11,67,80,106948,0,0,0
0,2,4,11,67,76,146743,0,0,0
0,2,4,11,67,90,137148,0,0,0
0,2,4,11,67,75,179217,0,0,0
0,2,4,12,67,76,191684,0,0,0
0,2,4,11,67,73,113770,0,0,0
0,2,4,11,67,82,166425,0,0,0
0,2,4,11,67,75,141102,0,0,0
0,2,4,11,67,69,123663,0,0,0
0,2,4,13,67,81,139335,12,0,0
0,2,4,12,67,78,201476,0,0,0
0,2,4,13,67,74,143608,12,0,0
0,2,4,11,67,85,50614,0,0,0
0,2,4,11,67,79,45754,0,0,0
0,2,4,11,67,77,106348,0,0,0
0,2,4,11,67,73,162263,0,0,0
0,2,4,12,67,77,139231,0,0,0
0,2,4,11,67,65,200133,0,0,0
0,2,4,11,67,79,133380,0,0,0
0,2,4,11,67,73,79773,0,0,0
0,2,4,11,67,71,150508,0,0,0
0,2,4,12,67,79,243252,0,0,0
0,2,4,11,67,72,158908,0,0,0
0,2,4,11,67,70,152867,0,0,0
0,2,4,11,67,72,180789,0,0,0
0,2,4,11,67,99,89928,0,0,0
0,2,4,11,67,82,159474,0,0,0
0,2,4,12,67,75,108942,0,0,0
0,2,4,11,67,75,112801,0,0,0
0,2,4,11,67,71,188402,0,0,0
0,2,4,12,67,71,192112,0,0,0
0,2,4,11,67,77,141859,0,0,0
0,2,4,12,67,84,77811,0,0,0
0,2,4,11,67,77,114666,0,0,0
0,2,4,11,67,75,62041,0,0,0
0,2,4,11,67,73,95649,0,0,0
0,2,4,12,67,97,98654,0,0,0
0,2,4,11,67,86,154655,0,0,0
0,2,4,12,67,73,223445,0,0,0
0,2,4,11,67,82,122927,0,0,0
0,2,4,11,67,69,77640,0,0,0
0,2,4,11,67,89,159940,0,0,0
0,2,4,12,67,69,213865,0,0,0
0,2,4,11,67,78,109574,0,0,0
0,2,4,12,67,89,182082,0,0,0
0,2,4,11,67,82,183568,0,0,0
0,2,4,11,67,71,229382,0,0,0
0,2,4,11,67,82,107587,0,0,0
0,2,4,13,67,91,198382,12,0,0
0,2,4,11,67,88,101698,0,0,0
0,2,4,11,67,80,104889,0,0,0
0,2,4,12,67,67,238573,0,0,0
0,2,4,11,67,64,89689,0,0,0
0,2,4,11,67,74,145561,0,0,0
0,2,4,11,67,64,85759,0,0,0
0,2,4,12,67,73,214454,0,0,0
0,2,4,11,67,74,111351,0,0,0
0,2,4,12,67,82,137242,0,0,0
0,2,4,11,67,63,46879,0,0,0
0,2,4,13,67,88,125850,12,0,0
0,2,4,11,67,92,165977,0,0,0
0,2,4,12,67,75,203897,0,0,0
0,2,4,11,67,84,107121,0,0,0
0,2,4,11,67,78,132352,0,0,0
0,2,4,11,67,81,45850,0,0,0
0,2,4,11,67,80,119405,0,0,0
0,2,4,11,67,77,186565,0,0,0
0,2,4,12,67,76,171509,0,0,0
0,2,4,11,67,99,163535,0,0,0
0,2,4,11,67,84,93005,0,0,0
0,2,4,11,67,74,119551,0,0,0
0,2,4,11,67,72,107796,0,0,0
0,2,4,11,67,73,122672,0,0,0
0,2,4,11,67,71,95541,0,0,0
0,2,4,11,67,88,150448,0,0,0
0,2,4,11,67,70,182154,0,0,0
0,2,4,11,67,80,142643,0,0,0
0,2,4,11,67,78,81632,0,0,0
0,2,4,11,67,79,53105,0,0,0
0,2,4,11,67,79,142303,0,0,0
0,2,4,11,67,71,113697,0,0,0
0,2,4,12,67,77,181647,0,0,0
0,2,4,13,67,71,113260,12,0,0
0,2,4,11,67,77,81097,0,0,0
0,2,4,12,67,78,168569,0,0,0
0,2,4,11,67,82,76366,0,0,0
0,2,4,12,67,70,238294,0,0,0
0,2,4,11,67,85,125697,0,0,0
0,2,4,12,67,79,165861,30,0,0
0,2,4,12,67,104,96991,0,0,0
0,2,4,12,67,104,114765,0,0,0
0,2,4,12,67,97,148286,0,0,0
0,2,4,12,67,71,161636,0,0,0
0,2,4,12,67,84,84370,0,0,0
0,2,4,11,67,70,126856,0,0,0
0,2,4,11,67,75,158874,0,0,0
0,2,4,12,67,72,107215,0,0,0
0,2,4,13,67,83,186929,12,0,0
0,2,4,11,67,83,142112,0,0,0
0,2,4,11,67,92,111574,0,0,0
0,2,4,12,67,83,73940,12,0,0
0,2,4,13,67,74,136176,12,0,0
0,2,4,11,67,75,143187,0,0,0
0,2,4,12,67,89,150137,0,0,0
0,2,4,12,67,73,115353,0,0,0
0,2,4,11,67,69,133209,0,0,0
0,2,4,11,67,63,48981,0,0,0
0,2,4,12,67,79,173224,12,0,0
0,2,4,11,67,68,157679,0,0,0
0,2,4,11,67,74,90735,0,0,0
0,2,4,11,67,68,56876,0,0,0
0,2,4,11,67,79,123279,0,0,0
0,2,4,12,67,83,131370,0,0,0
0,2,4,11,67,76,90451,0,0,0
0,2,4,11,67,77,39990,0,0,0
0,2,4,11,67,74,119243,0,0,0
0,2,4,12,67,74,189199,0,0,0
0,2,4,12,67,79,122098,0,0,0
0,2,4,12,67,70,111407,0,0,0
0,2,4,11,67,85,126349,0,0,0
0,2,4,12,67,76,70491,0,0,0
0,2,4,11,67,75,152874,0,0,0
0,2,4,12,67,69,205774,0,0,0
0,2,4,11,67,84,174829,0,0,0
0,2,4,11,67,93,93921,0,0,0
0,2,4,12,67,74,97259,12,0,0
0,2,4,12,67,78,159921,0,0,0
0,2,4,11,67,67,155865,0,0,0
0,2,4,12,67,72,57737,12,0,0
0,2,4,12,67,78,115564,0,0,0
0,2,4,11,67,80,143167,0,0,0
0,2,4,11,67,71,144371,0,0,0
0,2,4,13,67,77,100667,12,0,0
0,2,4,11,67,90,140943,0,0,0
0,2,4,12,67,79,180894,0,0,0
0,2,4,11,67,71,210163,0,0,0
0,2,4,11,67,73,110441,0,0,0
0,2,4,11,67,75,169377,0,0,0
0,2,4,11,67,80,123753,0,0,0
0,2,4,13,67,72,107333,12,0,0
0,2,4,12,67,71,166111,0,0,0
0,2,4,12,67,73,151347,0,0,0
0,2,4,12,67,71,202944,0,0,0
0,2,4,12,67,64,199508,0,0,0
0,2,4,12,67,66,228362,0,0,0
0,2,4,11,67,79,153005,0,0,0
0,2,4,11,67,75,123659,0,0,0
0,2,4,11,67,62,28687,0,0,0
0,2,4,12,67,84,111574,0,0,0
0,2,4,12,67,76,106424,0,0,0
0,2,4,11,67,75,229644,0,0,0
0,2,4,12,67,78,149774,0,0,0
0,2,4,11,67,83,38990,0,0,0
0,2,4,11,67,70,76423,0,0,0
0,2,4,12,67,72,173675,0,0,0
0,2,4,11,67,71,71789,0,0,0
0,2,4,12,67,75,123595,12,0,0
0,2,4,11,67,79,118239,0,0,0
0,2,4,12,67,74,136254,0,0,0
0,2,4,12,67,75,150345,0,0,0
0,2,4,11,67,75,190274,0,0,0
0,2,4,11,67,71,173204,0,0,0
0,2,4,12,67,75,186768,0,0,0
0,2,4,11,67,85,122762,0,0,0
0,2,4,11,67,71,104697,0,0,0
0,2,4,13,67,72,129247,12,0,0
0,2,4,12,67,88,101849,0,0,0
0,2,4,11,67,71,147142,0,0,0
0,2,4,11,67,71,241521,0,0,0
0,2,4,12,67,75,79648,0,0,0
0,2,4,12,67,80,124958,0,0,0
0,2,4,12,67,80,142547,0,0,0
0,2,4,11,67,75,127252,0,0,0
0,2,4,12,67,81,134585,0,0,0
0,2,4,11,67,77,115616,0,0,0
0,2,4,11,67,77,164133,0,0,0
0,2,4,11,67,74,117197,0,0,0
0,2,4,11,67,74,114521,0,0,0
0,2,4,11,67,68,133755,0,0,0
0,2,4,12,67,70,151092,0,0,0
0,2,4,12,67,72,320569,0,0,0
0,2,4,12,67,79,230330,0,0,0
0,2,4,12,67,77,177604,0,0,0
0,2,4,12,67,78,100653,0,0,0
0,2,4,11,67,77,111210,0,0,0
0,2,4,11,67,76,212809,0,0,0
0,2,4,12,67,80,231597,0,0,0
0,2,4,11,67,75,149343,0,0,0
0,2,4,11,67,65,160431,0,0,0
0,2,4,12,67,78,140250,0,0,0
0,2,4,12,67,78,139481,0,0,0
0,2,4,12,67,81,223627,0,0,0
0,2,4,11,67,72,152830,0,0,0
0,2,4,11,67,73,94746,0,0,0
0,2,4,12,67,72,214990,0,0,0
0,2,4,11,67,74,148087,0,0,0
0,2,4,11,67,72,78238,0,0,0
0,2,4,11,67,71,183507,0,0,0
0,2,4,12,67,73,164837,0,0,0
0,2,4,12,67,68,114056,30,0,0
0,2,4,11,67,83,44029,0,0,0
0,2,4,11,67,70,113576,0,0,0
0,2,4,11,67,73,107650,0,0,0
0,2,4,11,67,78,171985,0,0,0
0,2,4,12,67,77,131237,12,0,0
0,2,4,11,67,73,166388,0,0,0
0,2,4,12,67,77,148322,0,0,0
0,2,4,11,67,86,57515,0,0,0
0,2,4,11,67,75,183401,0,0,0
0,2,4,11,67,77,111839,0,0,0
0,2,4,11,67,78,26052,0,0,0
0,2,4,11,67,70,17366,0,0,0
0,2,4,11,67,70,15817,0,0,0
0,2,4,11,67,83,159077,0,0,0
0,2,4,11,67,77,126500,0,0,0
0,2,4,11,67,85,122116,0,0,0
0,2,4,12,67,92,132304,0,0,0
0,2,4,12,67,72,158093,0,0,0
0,2,4,11,67,76,115378,0,0,0
0,2,4,11,67,79,107267,0,0,0
0,2,4,11,67,68,160134,0,0,0
0,2,4,11,67,77,149762,0,0,0
0,2,4,11,67,74,173797,0,0,0
0,2,4,12,67,74,145843,0,0,0
0,2,4,11,67,71,116677,0,0,0
0,2,4,11,67,75,161120,0,0,0
0,2,4,13,67,75,173407,12,0,0
0,2,4,11,67,75,162603,0,0,0
0,2,4,11,67,83,95048,0,0,0
0,2,4,11,67,79,82740,0,0,0
0,2,4,11,67,71,115219,0,0,0
0,2,4,12,67,72,103014,0,0,0
0,2,4,12,67,80,124284,88,0,0
0,2,4,11,67,76,165360,0,0,0
0,2,4,12,67,77,151367,0,0,0
0,2,4,11,67,66,59468,0,0,0
0,2,4,12,67,86,128084,0,0,0
0,2,4,12,67,71,114075,0,0,0
0,2,4,11,67,75,103011,0,0,0
0,2,4,11,67,84,92523,0,0,0
0,2,4,11,67,81,103837,0,0,0
0,2,4,11,67,78,99098,0,0,0
0,2,4,12,67,75,180081,0,0,0
0,2,4,11,67,81,156001,0,0,0
0,2,4,11,67,78,141915,0,0,0
0,2,4,11,67,76,110216,0,0,0
0,2,4,12,67,89,125473,0,0,0
0,2,4,12,67,75,127822,0,0,0
0,2,4,13,67,77,144120,12,0,0
0,2,4,12,67,85,158440,0,0,0
0,2,4,11,67,66,165447,0,0,0
0,2,4,11,67,75,275839,0,0,0
0,2,4,11,67,98,181596,0,0,0
0,2,4,11,67,77,141314,0,0,0
0,2,4,11,67,70,192278,0,0,0
0,2,4,11,67,78,152989,0,0,0
0,2,4,11,67,79,134797,0,0,0
0,2,4,12,67,77,154416,0,0,0
0,2,4,11,67,77,131942,0,0,0
0,2,4,13,67,75,125291,12,0,0
0,2,4,11,67,74,168761,0,0,0
0,2,4,12,67,84,162976,0,0,0
0,2,4,11,67,94,152951,0,0,0
0,2,4,11,67,75,188542,0,0,0
0,2,4,11,67,78,150091,0,0,0
0,2,4,11,67,73,112548,0,0,0
0,2,4,11,67,85,103243,0,0,0
0,2,4,11,67,79,166178,0,0,0
0,2,4,11,67,76,159807,0,0,0
0,2,4,11,67,77,122138,0,0,0
0,2,4,11,67,70,181040,0,0,0
0,2,4,12,67,84,150436,0,0,0
0,2,4,12,67,82,112306,0,0,0
0,2,4,11,67,72,105333,0,0,0
0,2,4,11,67,89,60478,0,0,0
0,2,4,11,67,74,120819,0,0,0
0,2,4,11,67,70,144578,0,0,0
0,2,4,12,67,75,298511,0,0,0
0,2,4,11,67,76,138745,0,0,0
0,2,4,12,67,71,117482,0,0,0
0,2,4,11,67,74,123791,0,0,0
0,2,4,12,67,79,208400,0,0,0
0,2,4,11,67,71,188923,0,0,0
0,2,4,12,67,72,132380,0,0,0
0,2,4,12,67,77,127911,0,0,0
0,2,4,12,67,76,169029,0,0,0
0,2,4,12,67,80,108814,12,0,0
0,2,4,11,67,76,154219,0,0,0
0,2,4,11,67,77,120600,0,0,0
0,2,4,11,67,75,228109,0,0,0
0,2,4,13,67,72,215854,12,0,0
0,2,4,11,67,76,215152,0,0,0
0,2,4,12,67,77,170465,0,0,0
0,2,4,11,67,78,103541,0,0,0
0,2,4,11,67,85,100766,0,0,0
0,2,4,12,67,78,132466,0,0,0
0,2,4,12,67,74,148603,0,0,0
0,2,4,12,67,76,160084,0,0,0
0,2,4,11,67,69,187834,0,0,0
0,2,4,11,67,73,202845,0,0,0
0,2,4,12,67,70,161452,0,0,0
0,2,4,11,67,74,120614,0,0,0
0,2,4,11,67,73,138177,0,0,0
0,2,4,11,67,87,110446,0,0,0
0,2,4,11,67,75,114626,0,0,0
0,2,4,11,67,90,92751,0,0,0
0,2,4,11,67,78,129946,0,0,0
0,2,4,11,67,69,75001,0,0,0
0,2,4,11,67,67,88419,0,0,0
0,2,4,11,67,77,126195,0,0,0
0,2,4,11,67,90,144923,0,0,0
0,2,4,11,67,78,176552,0,0,0
0,2,4,12,67,72,117765,0,0,0
0,2,4,12,67,77,142311,0,0,0
0,2,4,11,67,85,50491,0,0,0
0,2,4,11,67,87,58028,0,0,0
0,2,4,12,67,93,109880,0,0,0
0,2,4,11,67,79,172801,0,0,0
0,2,4,12,67,75,114018,0,0,0
0,2,4,12,67,77,150587,0,0,0
0,2,4,11,67,78,90200,0,0,0
0,2,4,11,67,66,190610,0,0,0
0,2,4,12,67,68,130259,12,0,0
0,2,4,11,67,71,209442,0,0,0
0,2,4,11,67,77,135563,0,0,0
0,2,4,11,67,75,165627,0,0,0
0,2,4,11,67,76,128148,0,0,0
0,2,4,11,67,73,124038,0,0,0
0,2,4,11,67,86,129070,0,0,0
0,2,4,11,67,73,134791,0,0,0
0,2,4,12,67,83,110587,0,0,0
0,2,4,11,67,84,238343,0,0,0
0,2,4,11,67,72,191852,0,0,0
0,2,4,12,67,80,213883,0,0,0
0,2,4,11,67,75,167593,0,0,0
0,2,4,11,67,64,156451,0,0,0
0,2,4,11,67,76,127480,0,0,0
0,2,4,11,67,91,79559,0,0,0
0,2,4,11,67,76,126854,0,0,0
0,2,4,11,67,73,147800,0,0,0
0,2,4,12,67,61,173784,0,0,0
0,2,4,11,67,68,160786,0,0,0
0,2,4,12,67,89,106116,0,0,0
0,2,4,12,67,95,89451,0,0,0
0,2,4,11,67,81,162648,0,0,0
0,2,4,12,67,79,150758,0,0,0
0,2,4,11,67,77,149726,0,0,0
0,2,4,12,67,78,150817,0,0,0
0,2,4,11,67,78,169581,0,0,0
0,2,4,11,67,75,88824,0,0,0
0,2,4,11,67,72,148646,0,0,0
0,2,4,11,67,75,129079,0,0,0
0,2,4,11,67,71,78660,0,0,0
0,2,4,11,67,75,88711,0,0,0
0,2,4,11,67,74,173301,0,0,0
0,2,4,11,67,75,93716,0,0,0
0,2,4,11,67,76,108532,0,0,0
0,2,4,11,67,68,122073,0,0,0
0,2,4,11,67,74,192520,0,0,0
0,2,4,11,67,76,149696,0,0,0
0,2,4,12,67,87,127156,0,0,0
0,2,4,11,67,71,170994,0,0,0
0,2,4,12,67,75,167646,0,0,0
0,2,4,11,67,78,115739,0,0,0
0,2,4,13,67,97,144185,80,0,0
0,2,4,11,67,90,64580,0,0,0
0,2,4,13,67,71,166179,12,0,0
0,2,4,11,67,70,109489,0,0,0
0,2,4,11,67,71,129232,0,0,0
0,2,4,11,67,73,74107,0,0,0
0,2,4,11,67,70,43256,0,0,0
0,2,4,11,67,78,67493,0,0,0
0,2,4,12,67,69,167496,0,0,0
0,2,4,11,67,83,114019,0,0,0
0,2,4,12,67,85,152591,0,0,0
0,2,4,11,67,81,119401,0,0,0
0,2,4,12,67,80,111316,0,0,0
0,2,4,11,67,77,116487,0,0,0
0,2,4,11,67,78,116773,0,0,0
0,2,4,11,67,80,133358,0,0,0
0,2,4,11,67,77,114094,0,0,0
0,2,4,12,67,79,86814,0,0,0
0,2,4,12,67,75,141094,0,0,0
0,2,4,11,67,71,45480,0,0,0
0,2,4,11,67,73,169093,0,0,0
0,2,4,11,67,74,133189,0,0,0
0,2,4,11,67,77,62384,0,0,0
0,2,4,12,67,88,181306,0,0,0
0,2,4,12,67,74,134286,0,0,0
0,2,4,11,67,72,135620,0,0,0
0,2,4,12,67,87,114802,0,0,0
0,2,4,11,67,68,172203,0,0,0
0,2,4,11,67,72,83447,0,0,0
0,2,4,11,67,78,181913,0,0,0
0,2,4,11,67,69,155245,0,0,0
0,2,4,12,67,84,174537,12,0,0
0,2,4,12,67,102,75346,0,0,0
0,2,4,11,67,82,115252,0,0,0
0,2,4,12,67,81,155527,0,0,0
0,2,4,11,67,79,134318,0,0,0
0,2,4,11,67,71,116537,0,0,0
0,2,4,11,67,74,165497,0,0,0
0,2,4,11,67,72,124096,0,0,0
0,2,4,13,67,81,118901,12,0,0
0,2,4,12,67,79,170269,0,0,0
0,2,4,12,67,71,126178,0,0,0
0,2,4,11,67,75,101119,0,0,0
0,2,4,11,67,82,176115,0,0,0
0,2,4,12,67,80,107707,0,0,0
0,2,4,12,67,71,146168,0,0,0
0,2,4,11,67,70,94548,0,0,0
0,2,4,12,67,76,177182,0,0,0
0,2,4,11,67,71,162868,0,0,0
0,2,4,11,67,74,142649,0,0,0
0,2,4,12,67,80,141617,0,0,0
0,2,4,12,67,76,140096,0,0,0
0,2,4,12,67,76,121601,0,0,0
0,2,4,11,67,76,97940,0,0,0
0,2,4,11,67,83,154781,0,0,0
0,2,4,11,67,64,158960,0,0,0
0,2,4,12,67,69,129866,0,0,0
0,2,4,11,67,72,100259,0,0,0
0,2,4,11,67,79,120184,0,0,0
0,2,4,11,67,76,183579,0,0,0
0,2,4,12,67,87,88208,0,0,0
0,2,4,11,67,76,60647,0,0,0
0,2,4,11,67,71,90163,0,0,0
0,2,4,12,67,81,132784,0,0,0
0,2,4,11,67,75,60638,0,0,0
0,2,4,11,67,72,195693,0,0,0
0,2,4,11,67,81,85816,0,0,0
0,2,4,11,67,84,107592,0,0,0
0,2,4,12,67,78,147053,0,0,0
0,2,4,11,67,77,126431,0,0,0
0,2,4,11,67,73,121054,0,0,0
0,2,4,11,67,72,114019,0,0,0
0,2,4,12,67,80,186826,0,0,0
0,2,4,11,67,73,92915,0,0,0
0,2,4,11,67,82,134742,0,0,0
0,2,4,11,67,76,100297,0,0,0
0,2,4,11,67,68,137730,0,0,0
0,2,4,11,67,78,175039,0,0,0
0,2,4,11,67,80,148379,0,0,0
0,2,4,11,67,79,126509,0,0,0
0,2,4,11,67,80,153831,0,0,0
0,2,4,11,67,85,147117,0,0,0
0,2,4,13,67,76,138934,12,0,0
0,2,4,12,67,78,98860,12,0,0
0,2,4,11,67,80,110617,0,0,0
0,2,4,11,67,73,139297,0,0,0
0,2,4,11,67,68,84063,0,0,0
0,2,4,11,67,75,191385,0,0,0
0,2,4,11,67,70,203838,0,0,0
0,2,4,11,67,70,41771,0,0,0
0,2,4,12,67,71,118015,0,0,0
0,2,4,11,67,90,56902,0,0,0
0,2,4,11,67,79,158257,0,0,0
0,2,4,12,67,70,132608,0,0,0
0,2,4,11,67,70,96694,0,0,0
0,2,4,11,67,73,155759,0,0,0
0,2,4,12,67,77,106366,12,0,0
0,2,4,11,67,72,209423,0,0,0
0,2,4,11,67,83,86925,0,0,0
0,2,4,11,67,75,66724,0,0,0
0,2,4,12,67,80,197586,0,0,0
0,2,4,11,67,82,87069,0,0,0
0,2,4,11,67,71,129603,0,0,0
0,2,4,11,67,91,88468,0,0,0
0,2,4,11,67,77,133008,0,0,0
0,2,4,11,67,84,133887,0,0,0
0,2,4,11,67,79,104741,0,0,0
0,2,4,11,67,70,82039,0,0,0
0,2,4,11,67,68,79551,0,0,0
0,2,4,11,67,69,85461,0,0,0
0,2,4,11,67,77,146157,0,0,0
0,2,4,11,67,77,104257,0,0,0
0,2,4,11,67,86,139824,0,0,0
0,2,4,11,67,77,49870,0,0,0
0,2,4,11,67,76,131611,0,0,0
0,2,4,11,67,83,216074,0,0,0
0,2,4,11,67,81,167987,0,0,0
0,2,4,11,67,73,90824,0,0,0
0,2,4,11,67,70,134489,0,0,0
0,2,4,11,67,72,197423,0,0,0
0,2,4,12,67,75,186151,0,0,0
0,2,4,11,67,78,169961,0,0,0
0,2,4,11,67,84,79432,0,0,0
0,2,4,12,67,81,123189,12,0,0
0,2,4,11,67,74,104953,0,0,0
0,2,4,11,67,70,135792,0,0,0
0,2,4,11,67,77,150377,0,0,0
0,2,4,11,67,74,147312,0,0,0
0,2,4,12,67,73,117359,0,0,0
0,2,4,11,67,76,174002,0,0,0
0,2,4,11,67,72,128088,0,0,0
0,2,4,12,67,77,223099,0,0,0
0,2,4,11,67,73,113804,0,0,0
0,2,4,11,67,91,149422,0,0,0
0,2,4,11,67,70,149458,0,0,0
0,2,4,11,67,71,101915,0,0,0
0,2,4,11,67,77,174862,0,0,0
0,2,4,12,67,77,114631,0,0,0
0,2,4,11,67,73,187776,0,0,0
0,2,4,13,67,93,143594,12,0,0
0,2,4,11,67,72,57580,0,0,0
0,2,4,11,67,74,194945,0,0,0
0,2,4,11,67,81,123361,0,0,0
0,2,4,11,67,77,152536,0,0,0
0,2,4,11,67,75,123613,0,0,0
0,2,4,13,67,85,137430,12,0,0
0,2,4,11,67,63,92665,0,0,0
0,2,4,11,67,60,31614,0,0,0
0,2,4,11,67,75,102555,0,0,0
0,2,4,12,67,73,172529,0,0,0
0,2,4,11,67,79,115218,0,0,0
0,2,4,13,67,80,169540,12,0,0
0,2,4,11,67,71,71228,0,0,0
0,2,4,12,67,73,122414,0,0,0
0,2,4,11,67,74,92893,0,0,0
0,2,4,12,67,74,141980,0,0,0
0,2,4,11,67,77,147488,0,0,0
0,2,4,11,67,72,139821,0,0,0
0,2,4,12,67,91,195905,0,0,0
0,2,4,11,67,78,156787,0,0,0
0,2,4,11,67,86,176066,0,0,0
0,2,4,11,67,76,174169,0,0,0
0,2,4,11,67,70,145661,0,0,0
0,2,4,11,67,66,69285,0,0,0
0,2,4,11,67,77,114184,0,0,0
0,2,4,11,67,91,152144,0,0,0
0,2,4,11,67,83,173139,0,0,0
0,2,4,12,67,74,162682,12,0,0
0,2,4,11,67,92,116021,0,0,0
0,2,4,12,67,70,205134,0,0,0
0,2,4,12,67,78,158975,0,0,0
0,2,4,12,67,74,175991,0,0,0
0,2,4,11,67,78,82067,0,0,0
0,2,4,12,67,82,144330,0,0,0
0,2,4,12,67,88,146253,0,0,0
0,2,4,11,67,74,67615,0,0,0
0,2,4,11,67,77,79031,0,0,0
0,2,4,12,67,74,111596,0,0,0
0,2,4,12,67,76,159619,0,0,0
0,2,4,11,67,78,88971,0,0,0
0,2,4,11,67,79,48353,0,0,0
0,2,4,11,67,71,251276,0,0,0
0,2,4,11,67,68,237267,0,0,0
0,2,4,11,67,83,66363,0,0,0
0,2,4,11,67,77,79790,0,0,0
0,2,4,12,67,80,172636,0,0,0
0,2,4,11,67,75,82715,0,0,0
0,2,4,12,67,71,155190,0,0,0
0,2,4,11,67,79,44739,0,0,0
0,2,4,11,67,78,141643,0,0,0
0,2,4,12,67,71,151240,0,0,0
0,2,4,11,67,75,119473,0,0,0
0,2,4,12,67,77,99853,0,0,0
0,2,4,11,67,72,167350,0,0,0
0,2,4,12,67,82,125270,49,0,0
0,2,4,11,67,74,230587,0,0,0
0,2,4,11,67,80,180139,0,0,0
0,2,4,11,67,70,131898,0,0,0
0,2,4,12,67,74,137120,0,0,0
0,2,4,11,67,82,104783,0,0,0
0,2,4,11,67,75,156168,0,0,0
0,2,4,11,67,72,134239,0,0,0
0,2,4,11,67,76,188451,0,0,0
0,2,4,12,67,75,195602,0,0,0
0,2,4,12,67,63,159865,0,0,0
0,2,4,12,67,73,213084,0,0,0
0,2,4,11,67,82,108935,0,0,0
0,2,4,11,67,88,162287,0,0,0
0,2,4,11,67,75,173278,0,0,0
0,2,4,12,67,84,169809,0,0,0
0,2,4,11,67,73,118309,0,0,0
0,2,4,11,67,87,124421,0,0,0
0,2,4,11,67,80,144539,0,0,0
0,2,4,11,67,77,167756,0,0,0
0,2,4,11,67,82,61365,0,0,0
0,2,4,11,67,97,131345,0,0,0
0,2,4,12,67,75,363798,0,0,0
0,2,4,11,67,78,131549,0,0,0
0,2,4,11,67,80,112230,0,0,0
0,2,4,11,67,73,162007,0,0,0
0,2,4,11,67,78,180595,0,0,0
0,2,4,11,67,78,64837,0,0,0
0,2,4,12,67,76,205921,0,0,0
0,2,4,12,67,73,137984,0,0,0
0,2,4,12,67,78,73813,0,0,0
0,2,4,11,67,77,73908,0,0,0
0,2,4,11,67,83,177246,0,0,0
0,2,4,12,67,100,258054,0,0,0
0,2,4,11,67,76,137945,0,0,0
0,2,4,11,67,80,159928,0,0,0
0,2,4,11,67,76,163243,0,0,0
0,2,4,11,67,73,153985,0,0,0
0,2,4,11,67,77,196233,0,0,0
0,2,4,11,67,72,163262,0,0,0
0,2,4,11,67,76,131802,0,0,0
0,2,4,11,67,73,77569,0,0,0
0,2,4,11,67,76,152231,0,0,0
0,2,4,11,67,82,130158,0,0,0
0,2,4,11,67,74,122744,0,0,0
0,2,4,11,67,73,123617,0,0,0
0,2,4,11,67,71,138328,0,0,0
0,2,4,11,67,78,138387,0,0,0
0,2,4,11,67,82,96974,0,0,0
0,2,4,11,67,85,110942,0,0,0
0,2,4,11,67,90,103622,0,0,0
0,2,4,11,67,86,133227,0,0,0
0,2,4,11,67,82,115212,0,0,0
0,2,4,11,67,75,206146,0,0,0
0,2,4,12,67,86,125878,0,0,0
0,2,4,12,67,70,154441,0,0,0
0,2,4,11,67,77,82025,0,0,0
0,2,4,12,67,82,139410,0,0,0
0,2,4,13,67,77,143454,12,0,0
0,2,4,13,67,83,140176,12,0,0
0,2,4,13,67,80,165409,12,0,0
0,2,4,11,67,75,137909,0,0,0
0,2,4,11,67,74,165974,0,0,0
0,2,4,11,67,69,195534,0,0,0
0,2,4,11,67,80,158511,0,0,0
0,2,4,11,67,70,212375,0,0,0
0,2,4,12,67,74,114772,0,0,0
0,2,4,13,67,82,153788,12,0,0
0,2,4,12,67,66,191972,0,0,0
0,2,4,11,67,82,167342,0,0,0
0,2,4,11,67,80,86535,0,0,0
0,2,4,11,67,73,163716,0,0,0
0,2,4,11,67,82,130215,0,0,0
0,2,4,12,67,70,182197,0,0,0
0,2,4,11,67,79,138915,0,0,0
0,2,4,12,67,74,153752,0,0,0
0,2,4,11,67,77,145065,0,0,0
0,2,4,11,67,83,100844,0,0,0
0,2,4,11,67,84,46426,0,0,0
0,2,4,11,67,81,159686,0,0,0
0,2,4,12,67,72,144129,0,0,0
0,2,4,12,67,85,140060,0,0,0
0,2,4,11,67,69,162121,0,0,0
0,2,4,11,67,93,118652,0,0,0
0,2,4,11,67,91,147311,0,0,0
0,2,4,11,67,71,215043,0,0,0
0,2,4,11,67,73,109602,0,0,0
0,2,4,11,67,75,123507,0,0,0
0,2,4,11,67,89,148147,0,0,0
0,2,4,11,67,82,78159,0,0,0
0,2,4,12,67,70,87402,12,0,0
0,2,4,11,67,79,57797,0,0,0
0,2,4,11,67,77,92806,0,0,0
0,2,4,11,67,72,151592,0,0,0
0,2,4,11,67,65,160963,0,0,0
0,2,4,11,67,71,61291,0,0,0
0,2,4,11,67,109,92189,0,0,0
0,2,4,11,67,78,149015,0,0,0
0,2,4,11,67,76,192318,0,0,0
0,2,4,11,67,83,105401,0,0,0
0,2,4,12,67,77,224374,0,0,0
0,2,4,11,67,104,59126,0,0,0
0,2,4,11,67,85,110037,0,0,0
0,2,4,12,67,75,96496,0,0,0
0,2,4,12,67,76,106402,0,0,0
0,2,4,12,67,66,58643,0,0,0
0,2,4,12,67,70,193078,0,0,0
0,2,4,12,67,78,176607,0,0,0
0,2,4,11,67,74,122478,0,0,0
0,2,4,12,67,74,117415,0,0,0
0,2,4,11,67,76,128211,0,0,0
0,2,4,12,67,75,99383,0,0,0
0,2,4,11,67,84,183078,0,0,0
0,2,4,11,67,72,220034,0,0,0
0,2,4,11,67,70,76535,0,0,0
0,2,4,11,67,76,111509,0,0,0
0,2,4,12,67,75,181298,0,0,0
0,2,4,11,67,72,168345,0,0,0
0,2,4,11,67,72,119999,0,0,0
0,2,4,11,67,79,218181,0,0,0
0,2,4,12,67,74,95820,0,0,0
0,2,4,12,67,88,168303,0,0,0
0,2,4,12,67,84,51579,38,0,0
0,2,4,11,67,83,109240,0,0,0
0,2,4,11,67,72,173742,0,0,0
0,2,4,11,67,78,172068,0,0,0
0,2,4,11,67,80,102561,0,0,0
0,2,4,11,67,88,134423,0,0,0
0,2,4,11,67,80,159344,0,0,0
0,2,4,11,67,70,160141,0,0,0
0,2,4,11,67,74,151536,0,0,0
0,2,4,11,67,70,199544,0,0,0
0,2,4,12,67,81,136047,0,0,0
0,2,4,11,67,77,158539,0,0,0
0,2,4,11,67,73,117777,0,0,0
0,2,4,11,67,69,67813,0,0,0
0,2,4,12,67,73,192664,0,0,0
0,2,4,12,67,71,165232,0,0,0
0,2,4,11,67,83,138453,0,0,0
0,2,4,11,67,78,124489,0,0,0
0,2,4,12,67,77,192859,0,0,0
0,2,4,11,67,77,141498,0,0,0
0,2,4,11,67,86,43152,0,0,0
0,2,4,12,67,94,164523,0,0,0
0,2,4,11,67,70,147491,0,0,0
0,2,4,11,67,71,127140,0,0,0
0,2,4,11,67,76,204776,0,0,0
0,2,4,11,67,72,115771,0,0,0
0,2,4,12,67,83,198967,0,0,0
0,2,4,11,67,84,152521,0,0,0
0,2,4,12,67,76,137359,0,0,0
0,2,4,11,67,76,122212,0,0,0
0,2,4,11,67,82,106105,0,0,0
0,2,4,11,67,75,145237,0,0,0
0,2,4,11,67,73,159174,0,0,0
0,2,4,12,67,88,136981,0,0,0
0,2,4,12,67,88,122465,0,0,0
0,2,4,11,67,72,64205,0,0,0
0,2,4,11,67,69,204194,0,0,0
0,2,4,11,67,74,125039,0,0,0
0,2,4,11,67,79,80627,0,0,0
0,2,4,11,67,87,104745,0,0,0
0,2,4,11,67,73,125605,0,0,0
0,2,4,12,67,87,99397,0,0,0
0,2,4,11,67,70,188753,0,0,0
0,2,4,12,67,69,124066,0,0,0
0,2,4,12,67,77,141857,0,0,0
0,2,4,12,67,83,115466,0,0,0
0,2,4,12,67,70,178217,0,0,0
0,2,4,11,67,85,148386,0,0,0
0,2,4,11,67,102,78894,0,0,0
0,2,4,11,67,82,100588,0,0,0
0,2,4,11,67,72,107633,0,0,0
0,2,4,11,67,74,52194,0,0,0
0,2,4,11,67,78,159766,0,0,0
0,2,4,12,67,70,156667,0,0,0
0,2,4,11,67,82,145771,0,0,0
0,2,4,11,67,76,174941,0,0,0
0,2,4,11,67,73,103339,0,0,0
0,2,4,11,67,77,102275,0,0,0
0,2,4,13,67,71,104430,12,0,0
0,2,4,11,67,69,135680,0,0,0
0,2,4,12,67,75,161367,0,0,0
0,2,4,11,67,71,137720,0,0,0
0,2,4,11,67,77,149529,0,0,0
0,2,4,11,67,72,191666,0,0,0
0,2,4,11,67,67,40099,0,0,0
0,2,4,11,67,71,163095,0,0,0
0,2,4,11,67,71,182453,0,0,0
0,2,4,13,67,73,159806,12,0,0
0,2,4,11,67,74,147015,0,0,0
0,2,4,11,67,70,203393,0,0,0
0,2,4,11,67,79,117453,0,0,0
0,2,4,11,67,74,52141,0,0,0
0,2,4,11,67,74,72001,0,0,0
0,2,4,11,67,72,77315,0,0,0
0,2,4,11,67,87,199802,0,0,0
0,2,4,12,67,68,162684,0,0,0
0,2,4,12,67,74,120511,0,0,0
0,2,4,11,67,69,97497,0,0,0
0,2,4,13,67,81,114008,12,0,0
0,2,4,13,67,79,128480,12,0,0
0,2,4,12,67,85,110792,0,0,0
0,2,4,11,67,74,145360,0,0,0
0,2,4,12,67,77,156201,0,0,0
0,2,4,12,67,75,142392,0,0,0
0,2,4,11,67,72,205317,0,0,0
0,2,4,12,67,71,127019,0,0,0
0,2,4,11,67,73,151190,0,0,0
0,2,4,11,67,73,83116,0,0,0
0,2,4,11,67,83,141414,0,0,0
0,2,4,12,67,77,208538,12,0,0
0,2,4,12,67,81,167002,0,0,0
0,2,4,11,67,71,132508,0,0,0
0,2,4,11,67,73,119747,0,0,0
0,2,4,11,67,77,104017,0,0,0
0,2,4,11,67,79,140364,0,0,0
0,2,4,12,67,74,223573,0,0,0
0,2,4,12,67,69,121652,0,0,0
0,2,4,11,67,76,169330,0,0,0
0,2,4,11,67,74,217713,0,0,0
0,2,4,11,67,71,182426,0,0,0
0,2,4,11,67,73,141639,0,0,0
0,2,4,12,67,88,180184,0,0,0
0,2,4,12,67,85,172230,0,0,0
0,2,4,11,67,88,102604,0,0,0
0,2,4,12,67,83,143919,0,0,0
0,2,4,12,67,73,145688,0,0,0
0,2,4,12,67,73,101325,0,0,0
0,2,4,11,67,76,86653,0,0,0
0,2,4,12,67,78,201682,0,0,0
0,2,4,11,67,78,101339,0,0,0
0,2,4,11,67,67,64099,0,0,0
0,2,4,11,67,75,95225,0,0,0
0,2,4,11,67,88,154905,0,0,0
0,2,4,11,67,81,145807,0,0,0
0,2,4,12,67,71,109989,0,0,0
0,2,4,11,67,73,128553,0,0,0
0,2,4,12,67,73,173874,0,0,0
0,2,4,11,67,81,155444,0,0,0
0,2,4,11,67,77,130287,0,0,0
0,2,4,12,67,70,128840,0,0,0
0,2,4,11,67,76,121764,0,0,0
0,2,4,11,67,72,127052,0,0,0
0,2,4,11,67,82,141527,0,0,0
0,2,4,12,67,74,128290,0,0,0
0,2,4,12,67,68,224835,0,0,0
0,2,4,11,67,72,116253,0,0,0
0,2,4,12,67,82,121834,0,0,0
0,2,4,12,67,74,151056,0,0,0
0,2,4,11,67,73,188733,0,0,0
0,2,4,13,67,77,107243,12,0,0
0,2,4,11,67,70,144997,0,0,0
0,2,4,11,67,73,126146,0,0,0
0,2,4,11,67,93,201805,0,0,0
0,2,4,12,67,74,203324,0,0,0
0,2,4,12,67,87,133236,0,0,0
0,2,4,11,67,89,93289,0,0,0
0,2,4,12,67,81,211657,0,0,0
0,2,4,11,67,82,98362,0,0,0
0,2,4,11,67,74,119392,0,0,0
0,2,4,11,67,74,79091,0,0,0
0,2,4,12,67,76,123415,0,0,0
0,2,4,11,67,77,125240,0,0,0
0,2,4,11,67,83,168167,0,0,0
0,2,4,12,67,117,46105,0,0,0
0,2,4,11,67,81,81919,0,0,0
0,2,4,12,67,77,91825,0,0,0
0,2,4,11,67,72,52671,0,0,0
0,2,4,11,67,82,172708,0,0,0
0,2,4,11,67,73,129357,0,0,0
0,2,4,11,67,76,120260,0,0,0
0,2,4,12,67,74,132870,0,0,0
0,2,4,11,67,73,73029,0,0,0
0,2,4,11,67,79,165300,0,0,0
0,2,4,11,67,75,197175,0,0,0
0,2,4,12,67,70,104633,0,0,0
0,2,4,11,67,69,132513,0,0,0
0,2,4,11,67,70,218259,0,0,0
0,2,4,11,67,84,140528,0,0,0
0,2,4,12,67,77,174966,0,0,0
0,2,4,11,67,75,156955,0,0,0
0,2,4,11,67,75,156773,0,0,0
0,2,4,11,67,72,48616,0,0,0
0,2,4,11,67,74,223544,0,0,0
0,2,4,11,67,82,133558,0,0,0
0,2,4,11,67,76,51669,0,0,0
0,2,4,12,67,69,211199,0,0,0
0,2,4,12,67,68,134938,0,0,0
0,2,4,11,67,72,73414,0,0,0
0,2,4,13,67,70,126306,12,0,0
0,2,4,12,67,72,204811,0,0,0
0,2,4,11,67,75,91796,0,0,0
0,2,4,11,67,91,107935,0,0,0
0,2,4,11,67,72,178225,0,0,0
0,2,4,11,67,73,118533,0,0,0
0,2,4,13,67,81,264478,12,0,0
0,2,4,11,67,71,127011,0,0,0
0,2,4,13,67,80,198982,12,0,0
0,2,4,12,67,85,87476,0,0,0
0,2,4,11,67,80,135350,0,0,0
0,2,4,12,67,75,114803,38,0,0
0,2,4,11,67,78,138477,0,0,0
0,2,4,12,67,75,191299,0,0,0
0,2,4,12,67,83,151838,0,0,0
0,2,4,11,67,73,179058,0,0,0
0,2,4,11,67,86,118136,0,0,0
0,2,4,11,67,83,48953,0,0,0
0,2,4,11,67,73,78572,0,0,0
0,2,4,12,67,98,110736,0,0,0
0,2,4,11,67,72,128125,0,0,0
0,2,4,11,67,77,118363,0,0,0
0,2,4,11,67,79,154674,0,0,0
0,2,4,11,67,94,154299,0,0,0
0,2,4,13,67,76,102094,12,0,0
0,2,4,12,67,81,143617,0,0,0
0,2,4,12,67,75,104977,0,0,0
0,2,4,11,67,79,148158,0,0,0
0,2,4,11,67,94,214872,0,0,0
0,2,4,11,67,81,186446,0,0,0
0,2,4,12,67,84,140577,0,0,0
0,2,4,11,67,73,150690,0,0,0
0,2,4,12,67,78,116062,0,0,0
0,2,4,11,67,64,179442,0,0,0
0,2,4,11,67,78,118891,0,0,0
0,2,4,11,67,71,229504,0,0,0
0,2,4,11,67,79,149375,0,0,0
0,2,4,11,67,75,128124,0,0,0
0,2,4,11,67,77,153237,0,0,0
0,2,4,11,67,82,127807,0,0,0
0,2,4,11,67,73,195775,0,0,0
0,2,4,11,67,72,83715,0,0,0
0,2,4,11,67,98,128954,0,0,0
0,2,4,12,67,69,93226,0,0,0
0,2,4,12,67,81,133550,0,0,0
0,2,4,12,67,78,155747,0,0,0
0,2,4,11,67,75,128148,0,0,0
0,2,4,12,67,93,122424,0,0,0
0,2,4,12,67,76,92937,0,0,0
0,2,4,12,67,77,139411,0,0,0
0,2,4,12,67,72,151639,0,0,0
0,2,4,11,67,74,130707,0,0,0
0,2,4,11,67,76,111676,0,0,0
0,2,4,12,67,78,150413,0,0,0
0,2,4,11,67,71,138973,0,0,0
0,2,4,12,67,75,148877,0,0,0
0,2,4,11,67,79,129832,0,0,0
0,2,4,11,67,121,99863,0,0,0
0,2,4,11,67,69,87212,0,0,0
0,2,4,11,67,80,60982,0,0,0
0,2,4,12,67,74,127736,0,0,0
0,2,4,11,67,85,148226,0,0,0
0,2,4,11,67,78,88679,0,0,0
0,2,4,11,67,75,143962,0,0,0
0,2,4,11,67,68,191508,0,0,0
0,2,4,11,67,75,136675,0,0,0
0,2,4,11,67,79,44545,0,0,0
0,2,4,11,67,75,124379,0,0,0
0,2,4,11,67,78,147574,0,0,0
0,2,4,12,67,71,107073,0,0,0
0,2,4,11,67,73,101168,0,0,0
0,2,4,11,67,72,112349,0,0,0
0,2,4,11,67,70,102841,0,0,0
0,2,4,11,67,82,149552,0,0,0
0,2,4,11,67,67,42554,0,0,0
0,2,4,12,67,76,98223,0,0,0
0,2,4,11,67,81,119260,0,0,0
0,2,4,11,67,73,252769,0,0,0
0,2,4,11,67,70,221793,0,0,0
0,2,4,12,67,76,100058,0,0,0
0,2,4,12,67,75,157359,0,0,0
0,2,4,13,67,79,116750,12,0,0
0,2,4,12,67,75,109184,12,0,0
0,2,4,11,67,75,144014,0,0,0
0,2,4,11,67,76,105306,0,0,0
0,2,4,11,67,70,163319,0,0,0
0,2,4,12,67,70,244330,0,0,0
0,2,4,11,67,78,156019,0,0,0
0,2,4,12,67,77,114011,0,0,0
0,2,4,12,67,88,141606,0,0,0
0,2,4,12,67,96,136020,0,0,0
0,2,4,11,67,73,131484,0,0,0
0,2,4,11,67,87,188148,0,0,0
0,2,4,11,67,75,230328,0,0,0
0,2,4,11,67,80,184310,0,0,0
0,2,4,11,67,75,125110,0,0,0
0,2,4,11,67,74,178906,0,0,0
0,2,4,12,67,75,276686,0,0,0
0,2,4,12,67,76,180582,0,0,0
0,2,4,12,67,76,134263,0,0,0
0,2,4,11,67,78,113042,0,0,0
0,2,4,11,67,77,99251,0,0,0
0,2,4,11,67,78,119065,0,0,0
0,2,4,11,67,78,160763,0,0,0
0,2,4,11,67,69,209255,0,0,0
0,2,4,11,67,66,28522,0,0,0
0,2,4,11,67,69,36291,0,0,0
0,2,4,11,67,78,58967,0,0,0
0,2,4,11,67,81,151717,0,0,0
0,2,4,11,67,73,181278,0,0,0
0,2,4,13,67,72,206154,12,0,0
0,2,4,13,67,67,199199,12,0,0
0,2,4,11,67,72,89700,0,0,0
0,2,4,12,67,79,92018,0,0,0
0,2,4,11,67,86,189491,0,0,0
0,2,4,11,67,76,131202,0,0,0
0,2,4,11,67,77,135700,0,0,0
0,2,4,11,67,69,169310,0,0,0
0,2,4,12,67,81,122679,0,0,0
0,2,4,12,67,94,172054,0,0,0
0,2,4,12,67,75,171878,0,0,0
0,2,4,11,67,95,67795,0,0,0
0,2,4,12,67,71,165985,0,0,0
0,2,4,11,67,73,113961,0,0,0
0,2,4,13,67,76,195497,12,0,0
0,2,4,13,67,81,140474,12,0,0
0,2,4,12,67,74,121651,0,0,0
0,2,4,11,67,74,131819,0,0,0
0,2,4,11,67,74,127386,0,0,0
0,2,4,11,67,70,122310,0,0,0
0,2,4,11,67,74,126772,0,0,0
0,2,4,11,67,72,122328,0,0,0
0,2,4,11,67,80,133535,0,0,0
0,2,4,11,67,79,147954,0,0,0
0,2,4,11,67,74,127678,0,0,0
0,2,4,12,67,77,137910,0,0,0
0,2,4,12,67,70,124296,0,0,0
0,2,4,11,67,79,117163,0,0,0
0,2,4,12,67,72,198721,0,0,0
0,2,4,12,67,66,173336,0,0,0
0,2,4,11,67,76,132492,0,0,0
0,2,4,12,67,74,169025,0,0,0
0,2,4,12,67,69,198139,0,0,0
0,2,4,12,67,75,191565,0,0,0
0,2,4,12,67,85,135564,0,0,0
0,2,4,11,67,77,142381,0,0,0
0,2,4,12,67,83,138880,0,0,0
0,2,4,11,67,81,116464,0,0,0
0,2,4,11,67,72,82284,0,0,0
0,2,4,12,67,76,160318,0,0,0
0,2,4,12,67,80,126594,0,0,0
0,2,4,11,67,80,57492,0,0,0
0,2,4,13,67,76,152774,12,0,0
0,2,4,11,67,81,124266,0,0,0
0,2,4,11,67,68,105835,0,0,0
0,2,4,11,67,75,85071,0,0,0
0,2,4,12,67,87,246477,0,0,0
0,2,4,11,67,85,103428,0,0,0
0,2,4,11,67,74,60810,0,0,0
0,2,4,12,67,74,167217,0,0,0
0,2,4,12,67,88,120294,0,0,0
0,2,4,11,67,79,122529,0,0,0
0,2,4,11,67,91,161819,0,0,0
0,2,4,12,67,75,199127,0,0,0
0,2,4,11,67,84,151466,0,0,0
0,2,4,11,67,82,83466,0,0,0
0,2,4,12,67,79,139022,26,0,0
0,2,4,12,67,68,193584,0,0,0
0,2,4,12,67,74,176375,0,0,0
0,2,4,11,67,80,154895,0,0,0
0,2,4,11,67,88,147337,0,0,0
0,2,4,11,67,81,56231,0,0,0
0,2,4,11,67,71,105505,0,0,0
0,2,4,11,67,80,122676,0,0,0
0,2,4,11,67,83,143311,0,0,0
0,2,4,12,67,77,187418,0,0,0
0,2,4,11,67,80,122064,0,0,0
0,2,4,11,67,83,145142,0,0,0
0,2,4,11,67,77,113708,0,0,0
0,2,4,12,67,73,96312,0,0,0
0,2,4,12,67,77,139171,0,0,0
0,2,4,11,67,71,138824,0,0,0
0,2,4,12,67,82,90113,12,0,0
0,2,4,11,67,70,143681,0,0,0
0,2,4,13,67,83,145692,12,0,0
0,2,4,12,67,68,134273,0,0,0
0,2,4,11,67,72,132652,0,0,0
0,2,4,11,67,77,171711,0,0,0
0,2,4,11,67,81,100448,0,0,0
0,2,4,11,67,79,216360,0,0,0
0,2,4,12,67,74,148167,0,0,0
0,2,4,11,67,89,58458,0,0,0
0,2,4,11,67,72,207566,0,0,0
0,2,4,11,67,78,131659,0,0,0
0,2,4,11,67,75,82628,0,0,0
0,2,4,12,67,69,98998,12,0,0
0,2,4,11,67,74,156745,0,0,0
0,2,4,12,67,84,226678,0,0,0
0,2,4,13,67,73,118294,12,0,0
0,2,4,11,67,78,119431,0,0,0
0,2,4,11,67,75,118868,0,0,0
0,2,4,11,67,80,107885,0,0,0
0,2,4,11,67,75,112876,0,0,0
0,2,4,11,67,75,100103,0,0,0
0,2,4,12,67,75,95563,0,0,0
0,2,4,12,67,77,92314,0,0,0
0,2,4,11,67,81,168958,0,0,0
0,2,4,11,67,75,165751,0,0,0
0,2,4,11,67,71,116609,0,0,0
0,2,4,11,67,79,181732,0,0,0
0,2,4,11,67,67,150185,0,0,0
0,2,4,11,67,84,97027,0,0,0
0,2,4,11,67,84,113359,0,0,0
0,2,4,12,67,83,160050,0,0,0
0,2,4,12,67,77,158269,0,0,0
0,2,4,11,67,71,199112,0,0,0
0,2,4,11,67,76,139192,0,0,0
0,2,4,13,67,79,131319,12,0,0
0,2,4,11,67,73,61685,0,0,0
0,2,4,11,67,72,121397,0,0,0
0,2,4,11,67,65,106314,0,0,0
0,2,4,12,67,72,147095,0,0,0
0,2,4,12,67,72,78139,0,0,0
0,2,4,11,67,78,37214,0,0,0
0,2,4,12,67,73,121518,0,0,0
0,2,4,11,67,76,21309,0,0,0
0,2,4,11,67,70,146201,0,0,0
0,2,4,11,67,72,116239,0,0,0
0,2,4,11,67,78,49752,0,0,0
0,2,4,11,67,76,101021,0,0,0
0,2,4,12,67,70,189977,0,0,0
0,2,4,11,67,99,111338,0,0,0
0,2,4,11,67,89,114130,0,0,0
0,2,4,11,67,72,48093,0,0,0
0,2,4,11,67,73,125792,0,0,0
0,2,4,12,67,69,112293,0,0,0
0,2,4,11,67,90,83164,0,0,0
0,2,4,11,67,85,117885,0,0,0
0,2,4,12,67,73,177389,0,0,0
0,2,4,11,67,81,123126,0,0,0
0,2,4,11,67,66,281330,0,0,0
0,2,4,13,67,71,172978,12,0,0
0,2,4,12,67,82,77586,0,0,0
0,2,4,12,67,79,160080,0,0,0
0,2,4,11,67,74,132346,0,0,0
0,2,4,12,67,77,136724,0,0,0
0,2,4,11,67,74,179371,0,0,0
0,2,4,11,67,86,79110,0,0,0
0,2,4,11,67,87,180627,0,0,0
0,2,4,12,67,74,255757,0,0,0
0,2,4,12,67,73,157081,0,0,0
0,2,4,12,67,85,118686,0,0,0
0,2,4,11,67,74,185176,0,0,0
0,2,4,12,67,75,118389,0,0,0
0,2,4,11,67,85,105512,0,0,0
0,2,4,12,67,72,167193,0,0,0
0,2,4,11,67,70,57099,0,0,0
0,2,4,11,67,81,136850,0,0,0
0,2,4,11,67,88,125166,0,0,0
0,2,4,11,67,77,129033,0,0,0
0,2,4,13,67,69,151437,12,0,0
0,2,4,11,67,74,202940,0,0,0
0,2,4,11,67,78,50327,0,0,0
0,2,4,11,67,78,150121,0,0,0
0,2,4,12,67,67,152955,0,0,0
0,2,4,12,67,76,107151,0,0,0
0,2,4,11,67,81,124637,0,0,0
0,2,4,12,67,76,68161,0,0,0
0,2,4,11,67,81,128752,0,0,0
0,2,4,11,67,74,142469,0,0,0
0,2,4,11,67,84,93006,0,0,0
0,2,4,11,67,76,133556,0,0,0
0,2,4,11,67,76,102300,0,0,0
0,2,4,11,67,75,133897,0,0,0
0,2,4,11,67,78,98128,0,0,0
0,2,4,11,67,85,119026,0,0,0
0,2,4,11,67,80,102551,0,0,0
0,2,4,11,67,76,116381,0,0,0
0,2,4,11,67,85,78775,0,0,0
0,2,4,11,67,72,155072,0,0,0
0,2,4,11,67,80,112901,0,0,0
0,2,4,11,67,80,82581,0,0,0
0,2,4,13,67,72,247408,12,0,0
0,2,4,13,67,69,237231,12,0,0
0,2,4,13,67,77,164258,12,0,0
0,2,4,11,67,81,79998,0,0,0
0,2,4,12,67,80,168036,0,0,0
0,2,4,11,67,85,110325,0,0,0
0,2,4,11,67,76,87719,0,0,0
0,2,4,11,67,79,100999,0,0,0
0,2,4,11,67,80,102933,0,0,0
0,2,4,11,67,84,89874,0,0,0
0,2,4,11,67,92,125622,0,0,0
0,2,4,12,67,74,78143,0,0,0
0,2,4,13,67,72,69024,12,0,0
0,2,4,11,67,84,86104,0,0,0
0,2,4,12,67,75,73344,12,0,0
0,2,4,11,67,83,168957,0,0,0
0,2,4,11,67,80,117274,0,0,0
0,2,4,11,67,83,153380,0,0,0
0,2,4,11,67,76,148803,0,0,0
0,2,4,11,67,90,128929,0,0,0
0,2,4,13,67,81,138252,12,0,0
0,2,4,11,67,73,147088,0,0,0
0,2,4,12,67,80,144742,0,0,0
0,2,4,12,67,86,149627,0,0,0
0,2,4,11,67,73,135022,0,0,0
0,2,4,11,67,71,130863,0,0,0
0,2,4,11,67,75,74397,0,0,0
0,2,4,12,67,76,176368,0,0,0
0,2,4,12,67,76,124346,0,0,0
0,2,4,11,67,80,163122,0,0,0
0,2,4,11,67,71,154136,0,0,0
0,2,4,13,67,87,127873,38,0,0
0,2,4,12,67,74,118139,0,0,0
0,2,4,12,67,82,109148,0,0,0
0,2,4,11,67,75,120795,0,0,0
0,2,4,11,67,69,42765,0,0,0
0,2,4,12,67,76,93138,0,0,0
0,2,4,13,67,89,135804,12,0,0
0,2,4,11,67,79,145228,0,0,0
0,2,4,11,67,76,144274,0,0,0
0,2,4,11,67,77,108819,0,0,0
0,2,4,11,67,71,171007,0,0,0
0,2,4,11,67,84,135115,0,0,0
0,2,4,11,67,82,59244,0,0,0
0,2,4,11,67,73,134909,0,0,0
0,2,4,11,67,78,146319,0,0,0
0,2,4,11,67,86,118645,0,0,0
0,2,4,12,67,72,55807,12,0,0
0,2,4,11,67,80,115659,0,0,0
0,2,4,11,67,76,107352,0,0,0
0,2,4,11,67,81,100104,0,0,0
0,2,4,11,67,70,47805,0,0,0
0,2,4,11,67,104,88842,0,0,0
0,2,4,12,67,80,100576,0,0,0
0,2,4,11,67,73,151690,0,0,0
0,2,4,12,67,71,93458,0,0,0
0,2,4,11,67,82,158948,0,0,0
0,2,4,12,67,84,105979,0,0,0
0,2,4,12,67,78,80516,0,0,0
0,2,4,11,67,75,134352,0,0,0
0,2,4,12,67,89,200040,0,0,0
0,2,4,12,67,88,153508,0,0,0
0,2,4,12,67,72,164599,0,0,0
0,2,4,11,67,80,146347,0,0,0
0,2,4,12,67,74,205936,0,0,0
0,2,4,11,67,83,61220,0,0,0
0,2,4,11,67,88,60761,0,0,0
0,2,4,12,67,69,126224,0,0,0
0,2,4,11,67,72,129206,0,0,0
0,2,4,11,67,91,143426,0,0,0
0,2,4,11,67,78,147951,0,0,0
0,2,4,12,67,74,151101,0,0,0
0,2,4,11,67,68,119594,0,0,0
0,2,4,12,67,74,152509,0,0,0
0,2,4,11,67,77,56915,0,0,0
0,2,4,12,67,75,207875,0,0,0
0,2,4,12,67,84,159347,0,0,0
0,2,4,11,67,100,114581,0,0,0
0,2,4,12,67,72,210525,0,0,0
0,2,4,11,67,76,144996,0,0,0
0,2,4,11,67,69,194429,0,0,0
0,2,4,13,67,78,164601,12,0,0
0,2,4,11,67,72,134648,0,0,0
0,2,4,12,67,70,93564,0,0,0
0,2,4,11,67,73,189606,0,0,0
0,2,4,11,67,72,184498,0,0,0
0,2,4,11,67,80,187161,0,0,0
0,2,4,11,67,77,65713,0,0,0
0,2,4,11,67,78,39604,0,0,0
0,2,4,11,67,75,51431,0,0,0
0,2,4,11,67,90,62708,0,0,0
0,2,4,11,67,81,75400,0,0,0
0,2,4,11,67,70,81795,0,0,0
0,2,4,11,67,75,198452,0,0,0
0,2,4,12,67,71,39515,12,0,0
0,2,4,11,67,78,148573,0,0,0
0,2,4,11,67,77,195617,0,0,0
0,2,4,12,67,70,104285,0,0,0
0,2,4,12,67,77,185714,0,0,0
0,2,4,11,67,75,93773,0,0,0
0,2,4,12,67,71,149560,0,0,0
0,2,4,12,67,78,143753,0,0,0
0,2,4,13,67,82,60899,38,0,0
0,2,4,11,67,88,119892,0,0,0
0,2,4,11,67,70,147864,0,0,0
0,2,4,11,67,69,40132,0,0,0
0,2,4,11,67,74,227106,0,0,0
0,2,4,12,67,73,112818,0,0,0
0,2,4,11,67,100,137820,0,0,0
0,2,4,11,67,75,85833,0,0,0
0,2,4,11,67,75,39877,0,0,0
0,2,4,12,67,84,148129,0,0,0
0,2,4,12,67,88,93088,0,0,0
0,2,4,11,67,78,126173,0,0,0
0,2,4,11,67,87,98392,0,0,0
0,2,4,11,67,76,124685,0,0,0
0,2,4,11,67,82,120980,0,0,0
0,2,4,11,67,80,116760,0,0,0
0,2,4,11,67,70,107469,0,0,0
0,2,4,11,67,70,188783,0,0,0
0,2,4,12,67,81,133259,0,0,0
0,2,4,11,67,81,70084,0,0,0
0,2,4,11,67,80,84088,0,0,0
0,2,4,12,67,71,101699,0,0,0
0,2,4,12,67,73,159282,0,0,0
0,2,4,11,67,78,50187,0,0,0
0,2,4,11,67,78,125966,0,0,0
0,2,4,11,67,91,109258,0,0,0
0,2,4,12,67,72,152986,29,0,0
0,2,4,11,67,74,85768,0,0,0
0,2,4,11,67,74,131188,0,0,0
0,2,4,11,67,73,79523,0,0,0
0,2,4,11,67,72,87900,0,0,0
0,2,4,11,67,74,115447,0,0,0
0,2,4,11,67,75,190982,0,0,0
0,2,4,13,67,77,193794,12,0,0
0,2,4,11,67,71,212377,0,0,0
0,2,4,11,67,74,199550,0,0,0
0,2,4,11,67,73,156559,0,0,0
0,2,4,11,67,74,129131,0,0,0
0,2,4,11,67,80,80220,0,0,0
0,2,4,11,67,84,72917,0,0,0
0,2,4,13,67,79,99160,12,0,0
0,2,4,11,67,71,150896,0,0,0
0,2,4,11,67,66,161912,0,0,0
0,2,4,12,67,78,76225,0,0,0
0,2,4,11,67,73,205513,0,0,0
0,2,4,11,67,79,112901,0,0,0
0,2,4,11,67,76,190290,0,0,0
0,2,4,12,67,70,137212,0,0,0
0,2,4,11,67,78,140520,0,0,0
0,2,4,12,67,96,112652,0,0,0
0,2,4,11,67,72,116759,0,0,0
0,2,4,12,67,74,108665,0,0,0
0,2,4,12,67,76,104600,0,0,0
0,2,4,11,67,107,92421,0,0,0
0,2,4,13,67,69,264258,12,0,0
0,2,4,11,67,70,178753,0,0,0
0,1,4,10,132,75,323238,0,0,0
0,1,4,11,132,80,601536,0,772,0
0,2,4,11,67,73,150001,0,0,0
0,2,4,11,67,74,122696,0,0,0
0,2,4,11,67,82,147266,0,0,0
0,2,4,11,67,83,141533,0,0,0
0,2,4,11,67,74,103096,0,0,0
0,2,4,11,67,83,109757,0,0,0
0,2,4,12,67,80,97609,0,0,0
0,2,4,11,67,78,116790,0,0,0
0,2,4,11,67,72,149882,0,0,0
0,2,4,11,67,74,170612,0,0,0
0,2,4,11,67,70,165106,0,0,0
0,2,4,11,67,92,159282,0,0,0
0,2,4,12,67,65,49026,38,0,0
0,2,4,12,67,74,87804,38,0,0
0,2,4,13,67,78,128630,12,0,0
0,2,4,12,67,77,62303,38,0,0
0,2,4,11,67,75,114697,0,0,0
0,2,4,12,67,71,162898,0,0,0
0,2,4,12,67,67,166234,0,0,0
0,2,4,11,67,76,48968,0,0,0
0,2,4,12,67,87,135952,0,0,0
0,2,4,11,67,74,142067,0,0,0
0,2,4,11,67,76,166805,0,0,0
0,2,4,12,67,76,218665,0,0,0
0,2,4,11,67,78,138078,0,0,0
0,2,4,11,67,81,128326,0,0,0
0,2,4,11,67,76,133423,0,0,0
0,2,4,12,67,71,100399,0,0,0
0,2,4,12,67,103,110221,0,0,0
0,2,4,12,67,68,143376,0,0,0
0,2,4,12,67,78,144976,0,0,0
0,2,4,11,67,106,158917,0,0,0
0,2,4,11,67,76,139558,0,0,0
0,2,4,11,67,78,150285,0,0,0
0,2,4,11,67,78,142821,0,0,0
0,2,4,12,67,71,196822,0,0,0
0,2,4,11,67,67,81295,0,0,0
0,2,4,11,67,82,141940,0,0,0
0,2,4,11,67,104,87735,0,0,0
0,2,4,12,67,80,126116,0,0,0
0,2,4,11,67,70,125784,0,0,0